,id,codigo,anunciante,oferta,tipo,area_util,bairro,cidade,preco,valor_m2,quartos,vagas,latitude,longitude,data_coleta,cluster
4264,6120604,CO7504,,Aluguel,Apartamento,60.0,ASA NORTE,BRASILIA,3750.0,62.0,2.0,0.0,-15.7391,-47.8936,2025-09-28,6
4322,6120664,TS95,,Aluguel,Apartamento,96.0,ASA NORTE,BRASILIA,8000.0,83.0,0.0,1.0,-15.757,-47.8837,2025-09-28,5
4408,6120749,1184100,,Aluguel,Apartamento,44.0,ASA NORTE,BRASILIA,3000.0,68.0,0.0,1.0,-15.7787,-47.889,2025-09-28,1
4414,6120755,APTO209,,Aluguel,Apartamento,40.0,ASA NORTE,BRASILIA,3100.0,76.0,0.0,0.0,-15.7766,-47.8783,2025-09-28,8
4432,6120773,1234432,,Aluguel,Apartamento,105.0,ASA NORTE,BRASILIA,5800.0,55.0,0.0,1.0,-15.7502,-47.8849,2025-09-28,7
5238,6121582,FL27081,,Aluguel,Apartamento,96.0,ASA NORTE,BRASILIA,5500.0,57.0,0.0,1.0,-15.7768,-47.8886,2025-09-28,2
5498,6121843,4546,,Aluguel,Apartamento,124.0,ASA NORTE,BRASILIA,4900.0,39.0,0.0,1.0,-15.7638,-47.89,2025-09-28,4
5623,6121971,IG0010,,Aluguel,Apartamento,74.0,ASA NORTE,BRASILIA,6800.0,92.0,2.0,2.0,-15.7509,-47.8888,2025-09-28,3
5739,6122087,11241,,Aluguel,Apartamento,111.0,ASA NORTE,BRASILIA,7100.0,63.0,0.0,1.0,-15.7549,-47.8916,2025-09-28,6
25523,6141893,923121,,Aluguel,Apartamento,155.0,ASA NORTE,BRASILIA,7500.0,48.0,4.0,2.0,-15.7542,-47.8925,2025-10-06,0
25526,6141896,00076,,Aluguel,Apartamento,102.0,ASA NORTE,BRASILIA,6150.0,60.0,0.0,0.0,-15.7488,-47.8936,2025-10-06,2
25586,6141956,1211254,,Aluguel,Apartamento,90.0,ASA NORTE,BRASILIA,6500.0,72.0,0.0,2.0,-15.7898,-47.8899,2025-10-06,1
25657,6142028,284390,,Aluguel,Apartamento,52.0,ASA NORTE,BRASILIA,3000.0,57.0,0.0,0.0,-15.7832,-47.8763,2025-10-06,2
25690,6142061,1235991,,Aluguel,Apartamento,105.0,ASA NORTE,BRASILIA,7300.0,69.0,0.0,1.0,-15.7384,-47.8962,2025-10-06,1
25691,6142062,CO8466,,Aluguel,Apartamento,127.0,ASA NORTE,BRASILIA,9000.0,70.0,0.0,2.0,-15.7466,-47.8923,2025-10-06,1
25927,6142299,8943,,Aluguel,Apartamento,33.0,ASA NORTE,BRASILIA,2200.0,66.0,0.0,0.0,-15.7372,-47.8942,2025-10-06,6
26019,6142392,LIFE,,Aluguel,Apartamento,40.0,ASA NORTE,BRASILIA,3200.0,80.0,0.0,1.0,-15.7813,-47.8899,2025-10-06,8
26035,6142408,1206264,,Aluguel,Apartamento,128.0,ASA NORTE,BRASILIA,9800.0,76.0,0.0,2.0,-15.7613,-47.8829,2025-10-06,8
26061,6142434,CO0015A,,Aluguel,Apartamento,197.0,ASA NORTE,BRASILIA,9500.0,48.0,0.0,2.0,-15.7529,-47.8847,2025-10-06,0
26136,6142510,1237136,,Aluguel,Apartamento,73.0,ASA NORTE,BRASILIA,5840.0,80.0,0.0,1.0,-15.7509,-47.8888,2025-10-06,8
26141,6142515,1039877,,Aluguel,Apartamento,163.0,ASA NORTE,BRASILIA,10000.0,61.0,0.0,1.0,-15.7502,-47.8859,2025-10-06,6
26153,6142527,187975,,Aluguel,Apartamento,102.0,ASA NORTE,BRASILIA,6000.0,58.0,0.0,1.0,-15.7727,-47.8877,2025-10-06,2
26201,6142575,1-3924441,,Aluguel,Apartamento,105.0,ASA NORTE,BRASILIA,6350.0,60.0,0.0,1.0,-15.7521,-47.8848,2025-10-06,2
26210,6142584,345748,,Aluguel,Apartamento,41.0,ASA NORTE,BRASILIA,2200.0,53.0,0.0,0.0,-15.7463,-47.8939,2025-10-06,7
26225,6142599,1200563,,Aluguel,Apartamento,101.0,ASA NORTE,BRASILIA,7500.0,74.0,0.0,1.0,-15.7797,-47.8869,2025-10-06,1
26346,6142719,1135047,,Aluguel,Apartamento,124.0,ASA NORTE,BRASILIA,6500.0,52.0,2.0,0.0,-15.7636,-47.8889,2025-10-06,7
26373,6142746,1228221,,Aluguel,Apartamento,57.0,ASA NORTE,BRASILIA,4200.0,73.0,0.0,1.0,-15.7807,-47.876,2025-10-06,1
26411,6142784,IG0010,,Aluguel,Apartamento,74.0,ASA NORTE,BRASILIA,6800.0,92.0,2.0,2.0,-15.7509,-47.8888,2025-10-06,3
26421,6142794,03795,,Aluguel,Apartamento,96.0,ASA NORTE,BRASILIA,3800.0,39.0,0.0,1.0,-15.7562,-47.8851,2025-10-06,4
26471,6142843,880351004-141,,Aluguel,Apartamento,98.0,ASA NORTE,BRASILIA,6000.0,61.0,3.0,1.0,-15.7529,-47.8847,2025-10-06,6
26540,6142914,1214794,,Aluguel,Apartamento,95.0,ASA NORTE,BRASILIA,3800.0,40.0,0.0,0.0,-15.7587,-47.8791,2025-10-06,4
26607,6142981,331774,,Aluguel,Apartamento,65.0,ASA NORTE,BRASILIA,3300.0,50.0,0.0,1.0,-15.7823,-47.874,2025-10-06,7
26692,6143066,880321097-55,,Aluguel,Apartamento,88.0,ASA NORTE,BRASILIA,4320.0,49.0,0.0,0.0,-15.7585,-47.8936,2025-10-06,0
26693,6143067,AP00068,,Aluguel,Apartamento,135.0,ASA NORTE,BRASILIA,4000.0,29.0,4.0,0.0,-15.762,-47.8781,2025-10-06,4
26697,6143071,IMB570,,Aluguel,Apartamento,30.0,ASA NORTE,BRASILIA,1200.0,40.0,0.0,0.0,-15.7577,-47.8957,2025-10-06,4
26736,6143110,268646,,Aluguel,Apartamento,94.0,ASA NORTE,BRASILIA,3700.0,39.0,0.0,0.0,-15.7616,-47.8789,2025-10-06,4
26759,6143133,1226987,,Aluguel,Apartamento,44.0,ASA NORTE,BRASILIA,2350.0,53.0,0.0,1.0,-15.7477,-47.9014,2025-10-06,7
26785,6143159,2006,,Aluguel,Apartamento,55.0,ASA NORTE,BRASILIA,3599.0,65.0,0.0,1.0,-15.74,-47.8968,2025-10-06,6
26829,6143203,AN-LOR6L-DFI,,Aluguel,Apartamento,37.0,ASA NORTE,BRASILIA,1700.0,45.0,1.0,0.0,-15.7411,-47.8986,2025-10-06,0
26870,6143245,706125,,Aluguel,Apartamento,127.0,ASA NORTE,BRASILIA,5790.0,45.0,0.0,1.0,-15.7483,-47.8932,2025-10-06,0
26877,6143252,1092L-DFI,,Aluguel,Apartamento,119.0,ASA NORTE,BRASILIA,5100.0,42.0,3.0,1.0,-15.7495,-47.893,2025-10-06,0
26938,6143313,APTO101,,Aluguel,Apartamento,34.0,ASA NORTE,BRASILIA,3000.0,88.0,0.0,0.0,-15.7766,-47.8783,2025-10-06,5
26965,6143340,AP1125A,,Aluguel,Apartamento,125.0,ASA NORTE,BRASILIA,4800.0,38.0,3.0,0.0,-15.7731,-47.8828,2025-10-06,4
26970,6143345,63018,,Aluguel,Apartamento,60.0,ASA NORTE,BRASILIA,3000.0,50.0,0.0,0.0,-15.7832,-47.8763,2025-10-06,7
26983,6143358,0959L-DFI,,Aluguel,Apartamento,72.0,ASA NORTE,BRASILIA,3850.0,53.0,0.0,0.0,-15.7523,-47.8937,2025-10-06,7
27122,6143499,887723,,Aluguel,Apartamento,52.0,ASA NORTE,BRASILIA,3799.0,73.0,0.0,0.0,-15.7401,-47.8957,2025-10-06,1
27124,6143501,CO9764,,Aluguel,Apartamento,104.0,ASA NORTE,BRASILIA,4850.0,46.0,3.0,1.0,-15.7483,-47.8932,2025-10-06,0
27184,6143561,4546,,Aluguel,Apartamento,124.0,ASA NORTE,BRASILIA,4900.0,39.0,0.0,1.0,-15.7638,-47.89,2025-10-06,4
27239,6143618,1200724,,Aluguel,Apartamento,100.0,ASA NORTE,BRASILIA,7000.0,70.0,0.0,2.0,-15.7413,-47.8839,2025-10-06,1
27249,6143628,1132848,,Aluguel,Apartamento,67.0,ASA NORTE,BRASILIA,5000.0,74.0,2.0,1.0,-15.7447,-47.8947,2025-10-06,1
27489,6143870,008622L-DFI,,Aluguel,Apartamento,55.0,ASA NORTE,BRASILIA,2800.0,50.0,0.0,0.0,-15.7544,-47.8822,2025-10-06,7
27499,6143880,FL27081,,Aluguel,Apartamento,96.0,ASA NORTE,BRASILIA,5500.0,57.0,0.0,1.0,-15.7768,-47.8886,2025-10-06,2
27509,6143890,1127712,,Aluguel,Apartamento,47.0,ASA NORTE,BRASILIA,2900.0,61.0,1.0,0.0,-15.7554,-47.8832,2025-10-06,6
27535,6143915,CO8359,,Aluguel,Apartamento,150.0,ASA NORTE,BRASILIA,7000.0,46.0,0.0,0.0,-15.7815,-47.8767,2025-10-06,0
27734,6144117,rob716,,Aluguel,Apartamento,32.0,ASA NORTE,BRASILIA,2000.0,62.0,0.0,0.0,-15.7385,-47.9007,2025-10-06,6
27743,6144126,1034069,,Aluguel,Apartamento,44.0,ASA NORTE,BRASILIA,3900.0,88.0,2.0,0.0,-15.7831,-47.8746,2025-10-06,5
27787,6144171,CO7504,,Aluguel,Apartamento,60.0,ASA NORTE,BRASILIA,3750.0,62.0,2.0,0.0,-15.7391,-47.8936,2025-10-06,6
27812,6144196,116024,,Aluguel,Apartamento,37.0,ASA NORTE,BRASILIA,1400.0,37.0,0.0,0.0,-15.7436,-47.8983,2025-10-06,4
27822,6144207,3769,,Aluguel,Apartamento,103.0,ASA NORTE,BRASILIA,6000.0,58.0,0.0,2.0,-15.7727,-47.8877,2025-10-06,2
27837,6144222,1218908,,Aluguel,Apartamento,72.0,ASA NORTE,BRASILIA,5800.0,80.0,0.0,2.0,-15.7413,-47.8839,2025-10-06,8
27943,6144329,SQN304RW,,Aluguel,Apartamento,134.0,ASA NORTE,BRASILIA,8000.0,59.0,0.0,1.0,-15.776,-47.886,2025-10-06,2
27957,6144343,CO7622,,Aluguel,Apartamento,65.0,ASA NORTE,BRASILIA,4200.0,64.0,0.0,1.0,-15.7793,-47.8867,2025-10-06,6
27965,6144351,166,,Aluguel,Apartamento,30.0,ASA NORTE,BRASILIA,1950.0,65.0,0.0,1.0,-15.757,-47.8997,2025-10-06,6
28042,6144427,APTO204,,Aluguel,Apartamento,36.0,ASA NORTE,BRASILIA,2900.0,80.0,0.0,0.0,-15.7766,-47.8783,2025-10-06,8
28053,6144439,CO9808,,Aluguel,Apartamento,76.0,ASA NORTE,BRASILIA,3600.0,47.0,2.0,0.0,-15.7656,-47.8783,2025-10-06,0
28081,6144467,637,,Aluguel,Apartamento,103.0,ASA NORTE,BRASILIA,5500.0,53.0,0.0,1.0,-15.748,-47.8942,2025-10-06,7
28102,6144488,1234432,,Aluguel,Apartamento,105.0,ASA NORTE,BRASILIA,5800.0,55.0,0.0,1.0,-15.7502,-47.8849,2025-10-06,7
28140,6144527,668059,,Aluguel,Apartamento,25.0,ASA NORTE,BRASILIA,1800.0,72.0,1.0,1.0,-15.7559,-47.8981,2025-10-06,1
28148,6144535,LIVE2189,,Aluguel,Apartamento,40.0,ASA NORTE,BRASILIA,3200.0,79.0,0.0,1.0,-15.754,-47.8958,2025-10-06,8
28161,6144548,FL0407,,Aluguel,Apartamento,129.0,ASA NORTE,BRASILIA,9200.0,71.0,0.0,2.0,-15.7613,-47.8829,2025-10-06,1
28169,6144556,1138109,,Aluguel,Apartamento,134.0,ASA NORTE,BRASILIA,5000.0,37.0,0.0,1.0,-15.7422,-47.8949,2025-10-06,4
28202,6144591,4557,,Aluguel,Apartamento,45.0,ASA NORTE,BRASILIA,3300.0,73.0,0.0,0.0,-15.7365,-47.8902,2025-10-06,1
28203,6144592,801131,,Aluguel,Apartamento,181.0,ASA NORTE,BRASILIA,8700.0,48.0,0.0,1.0,-15.7695,-47.8833,2025-10-06,0
28215,6144604,PIN00561,,Aluguel,Apartamento,45.0,ASA NORTE,BRASILIA,1400.0,31.0,0.0,0.0,-15.7465,-47.8969,2025-10-06,4
28313,6144703,1226997,,Aluguel,Apartamento,25.0,ASA NORTE,BRASILIA,1600.0,64.0,0.0,1.0,-15.757,-47.8997,2025-10-06,6
28315,6144705,AP0206,,Aluguel,Apartamento,32.0,ASA NORTE,BRASILIA,1550.0,48.0,0.0,0.0,-15.7626,-47.8883,2025-10-06,0
28351,6144743,1124232,,Aluguel,Apartamento,168.0,ASA NORTE,BRASILIA,9800.0,58.0,0.0,2.0,-15.7606,-47.8859,2025-10-06,2
28408,6144800,1226948,,Aluguel,Apartamento,50.0,ASA NORTE,BRASILIA,3200.0,64.0,0.0,1.0,-15.7832,-47.876,2025-10-06,6
28490,6144882,1407369,,Aluguel,Apartamento,88.0,ASA NORTE,BRASILIA,4200.0,47.0,0.0,0.0,-15.7768,-47.8886,2025-10-06,0
28500,6144892,TH33563,,Aluguel,Apartamento,138.0,ASA NORTE,BRASILIA,8000.0,57.0,3.0,1.0,-15.7753,-47.8866,2025-10-06,2
28558,6144950,1233716,,Aluguel,Apartamento,60.0,ASA NORTE,BRASILIA,3100.0,51.0,0.0,0.0,-15.769,-47.892,2025-10-06,7
28571,6144963,1218836,,Aluguel,Apartamento,160.0,ASA NORTE,BRASILIA,8500.0,53.0,4.0,2.0,-15.7574,-47.8878,2025-10-06,7
28628,6145021,AP0443,,Aluguel,Apartamento,98.0,ASA NORTE,BRASILIA,6300.0,64.0,0.0,1.0,-15.7547,-47.8894,2025-10-06,6
28706,6145099,SQN209MOBILIADO,,Aluguel,Apartamento,101.0,ASA NORTE,BRASILIA,7500.0,74.0,0.0,1.0,-15.7626,-47.88,2025-10-06,1
28737,6145131,1209825,,Aluguel,Apartamento,105.0,ASA NORTE,BRASILIA,6000.0,57.0,0.0,2.0,-15.7502,-47.8859,2025-10-06,2
28745,6145139,1238800,,Aluguel,Apartamento,110.0,ASA NORTE,BRASILIA,5500.0,50.0,0.0,1.0,-15.7464,-47.8954,2025-10-06,7
28781,6145175,1184100,,Aluguel,Apartamento,44.0,ASA NORTE,BRASILIA,3000.0,68.0,0.0,1.0,-15.7787,-47.889,2025-10-06,1
28853,6145248,P3299,,Aluguel,Apartamento,74.0,ASA NORTE,BRASILIA,6200.0,84.0,0.0,2.0,-15.7509,-47.8888,2025-10-06,5
28892,6145287,AP0332,,Aluguel,Apartamento,35.0,ASA NORTE,BRASILIA,1650.0,47.0,0.0,0.0,-15.7771,-47.884,2025-10-06,0
28962,6145358,TH1340,,Aluguel,Apartamento,101.0,ASA NORTE,BRASILIA,3500.0,34.0,4.0,0.0,-15.7509,-47.8819,2025-10-06,4
28975,6145371,2457,,Aluguel,Apartamento,95.0,ASA NORTE,BRASILIA,5500.0,57.0,0.0,1.0,-15.772,-47.886,2025-10-06,2
28996,6145392,Franssqn402b,,Aluguel,Apartamento,50.0,ASA NORTE,BRASILIA,3200.0,64.0,0.0,1.0,-15.7832,-47.876,2025-10-06,6
29011,6145407,AP0543,,Aluguel,Apartamento,68.0,ASA NORTE,BRASILIA,3590.0,52.0,0.0,0.0,-15.7392,-47.9025,2025-10-06,7
29042,6145438,1228339,,Aluguel,Apartamento,74.0,ASA NORTE,BRASILIA,5199.0,70.0,0.0,1.0,-15.7377,-47.8901,2025-10-06,1
29049,6145445,882196,,Aluguel,Apartamento,130.0,ASA NORTE,BRASILIA,7500.0,57.0,0.0,1.0,-15.7417,-47.8928,2025-10-06,2
29061,6145457,1140007,,Aluguel,Apartamento,158.0,ASA NORTE,BRASILIA,7200.0,45.0,0.0,2.0,-15.7502,-47.8859,2025-10-06,0
29067,6145463,1229454,,Aluguel,Apartamento,62.0,ASA NORTE,BRASILIA,5000.0,80.0,0.0,1.0,-15.7823,-47.874,2025-10-06,8
29088,6145484,RRO755,,Aluguel,Apartamento,40.0,ASA NORTE,BRASILIA,1500.0,37.0,0.0,0.0,-15.7696,-47.892,2025-10-06,4
29132,6145528,1232353,,Aluguel,Apartamento,104.0,ASA NORTE,BRASILIA,6500.0,62.0,0.0,1.0,-15.7768,-47.8886,2025-10-06,6
29139,6145535,1232860,,Aluguel,Apartamento,60.0,ASA NORTE,BRASILIA,3100.0,51.0,0.0,0.0,-15.754,-47.8807,2025-10-06,7
29146,6145542,3020,,Aluguel,Apartamento,123.0,ASA NORTE,BRASILIA,7000.0,56.0,0.0,1.0,-15.7557,-47.8833,2025-10-06,2
29208,6145604,1218772,,Aluguel,Apartamento,42.0,ASA NORTE,BRASILIA,2200.0,52.0,0.0,0.0,-15.7411,-47.8986,2025-10-06,7
29288,6145684,880261157-212,,Aluguel,Apartamento,33.0,ASA NORTE,BRASILIA,1450.0,43.0,1.0,0.0,-15.7743,-47.8865,2025-10-06,0
29326,6145722,EL283,,Aluguel,Apartamento,94.0,ASA NORTE,BRASILIA,4700.0,49.0,3.0,1.0,-15.7532,-47.8838,2025-10-06,0
29400,6145795,FL12083,,Aluguel,Apartamento,72.0,ASA NORTE,BRASILIA,6000.0,83.0,0.0,1.0,-15.7413,-47.8839,2025-10-06,5
29437,6145833,P3292,,Aluguel,Apartamento,93.0,ASA NORTE,BRASILIA,7200.0,77.0,0.0,2.0,-15.7812,-47.8892,2025-10-06,8
29452,6145848,2006CULL31108,,Aluguel,Apartamento,39.0,ASA NORTE,BRASILIA,2700.0,69.0,0.0,0.0,-15.7898,-47.8899,2025-10-06,1
29477,6145873,1185406,,Aluguel,Apartamento,128.0,ASA NORTE,BRASILIA,9800.0,76.0,0.0,2.0,-15.7723,-47.8869,2025-10-06,8
29493,6145889,145L-DFI,,Aluguel,Apartamento,40.0,ASA NORTE,BRASILIA,1400.0,35.0,0.0,0.0,-15.7544,-47.8948,2025-10-06,4
29531,6145929,AP1190,,Aluguel,Apartamento,35.0,ASA NORTE,BRASILIA,1490.0,42.0,0.0,0.0,-15.7454,-47.8997,2025-10-06,0
29701,6146100,EL1552,,Aluguel,Apartamento,68.0,ASA NORTE,BRASILIA,4400.0,64.0,2.0,1.0,-15.7378,-47.8942,2025-10-06,6
29706,6146105,0000713L-DFI,,Aluguel,Apartamento,70.0,ASA NORTE,BRASILIA,4100.0,58.0,0.0,0.0,-15.7729,-47.8843,2025-10-06,2
29735,6146134,611,,Aluguel,Apartamento,80.0,ASA NORTE,BRASILIA,3100.0,38.0,0.0,0.0,-15.7723,-47.8894,2025-10-06,4
29749,6146148,IG00012,,Aluguel,Apartamento,158.0,ASA NORTE,BRASILIA,7000.0,44.0,2.0,2.0,-15.7502,-47.8859,2025-10-06,0
29824,6146224,NH471,,Aluguel,Apartamento,150.0,ASA NORTE,BRASILIA,6500.0,43.0,0.0,1.0,-15.758,-47.8906,2025-10-06,0
29836,6146237,4544,,Aluguel,Apartamento,95.0,ASA NORTE,BRASILIA,7000.0,73.0,0.0,2.0,-15.7886,-47.8893,2025-10-06,1
35896,6152302,10889,,Aluguel,Apartamento,162.0,ASA NORTE,BRASILIA,10000.0,61.0,0.0,1.0,-15.7495,-47.8858,2025-10-06,6
36365,6152769,62478,,Aluguel,Apartamento,30.0,ASA NORTE,BRASILIA,1300.0,43.0,0.0,0.0,-15.7461,-47.8975,2025-10-06,0
36419,6152823,1234210,,Aluguel,Apartamento,198.0,ASA NORTE,BRASILIA,7800.0,39.0,0.0,2.0,-15.7755,-47.8854,2025-10-06,4
37530,6153930,Firenze,,Aluguel,Apartamento,101.0,ASA NORTE,BRASILIA,5400.0,53.0,0.0,1.0,-15.7729,-47.8797,2025-10-06,7
37813,6154213,11241,,Aluguel,Apartamento,111.0,ASA NORTE,BRASILIA,7100.0,63.0,0.0,1.0,-15.7549,-47.8916,2025-10-06,6
37832,6154233,VILLA152048A01,,Aluguel,Apartamento,157.0,ASA NORTE,BRASILIA,9000.0,57.0,0.0,2.0,-15.7456,-47.8946,2025-10-06,2
37870,6154272,CO9765,,Aluguel,Apartamento,61.0,ASA NORTE,BRASILIA,4700.0,77.0,2.0,1.0,-15.7382,-47.8899,2025-10-06,8
38002,6154404,FAL1097,,Aluguel,Apartamento,27.0,ASA NORTE,BRASILIA,1900.0,70.0,0.0,1.0,-15.7662,-47.8751,2025-10-06,1
38004,6154406,2065AP00012,,Aluguel,Apartamento,102.0,ASA NORTE,BRASILIA,7490.0,73.0,0.0,1.0,-15.7602,-47.8892,2025-10-06,1
38041,6154442,TS95,,Aluguel,Apartamento,96.0,ASA NORTE,BRASILIA,8000.0,83.0,0.0,1.0,-15.757,-47.8837,2025-10-06,5
38352,6154751,057,,Aluguel,Apartamento,50.0,ASA NORTE,BRASILIA,2350.0,47.0,0.0,0.0,-15.758,-47.8951,2025-10-06,0
38617,6155017,863632,,Aluguel,Apartamento,85.0,ASA NORTE,BRASILIA,3800.0,44.0,3.0,0.0,-15.7402,-47.8871,2025-10-06,0
38671,6155073,AP0063,,Aluguel,Apartamento,45.0,ASA NORTE,BRASILIA,2950.0,65.0,1.0,0.0,-15.7554,-47.8832,2025-10-06,6
38678,6155080,CO9804,,Aluguel,Apartamento,67.0,ASA NORTE,BRASILIA,5300.0,78.0,3.0,0.0,-15.7513,-47.8933,2025-10-06,8
38732,6155134,RRO528,,Aluguel,Apartamento,40.0,ASA NORTE,BRASILIA,1400.0,35.0,0.0,0.0,-15.7743,-47.8865,2025-10-06,4
38783,6155185,0798L-DFI,,Aluguel,Apartamento,21.0,ASA NORTE,BRASILIA,1800.0,86.0,0.0,0.0,-15.7603,-47.8806,2025-10-06,5
38801,6155203,2006BZ31711,,Aluguel,Apartamento,44.0,ASA NORTE,BRASILIA,3800.0,86.0,0.0,1.0,53.912,38.557,2025-10-06,5
38804,6155206,AC3582,,Aluguel,Apartamento,72.0,ASA NORTE,BRASILIA,4200.0,58.0,0.0,1.0,-15.7509,-47.8888,2025-10-06,2
38805,6155207,859691,,Aluguel,Apartamento,78.0,ASA NORTE,BRASILIA,3790.0,48.0,0.0,0.0,-15.7692,-47.8779,2025-10-06,0
38823,6155225,P3333A,,Aluguel,Apartamento,160.0,ASA NORTE,BRASILIA,9000.0,56.0,0.0,1.0,-15.7829,-47.8779,2025-10-06,2
362295,6552407,1323902,Victor Cruz Negócios Imobiliários,Aluguel,Apartamento,40.0,ASA NORTE,BRASILIA,4000.0,100.0,0.0,1.0,-15.7813383,-47.8899457,2026-03-28,3
365737,6555851,FL2602,Cantos Brasília Imóveis,Aluguel,Apartamento,201.0,ASA NORTE,BRASILIA,10000.0,49.0,0.0,2.0,-15.7508971,-47.8888464,2026-03-28,0
365812,6555926,275,Denali Escritório de Negócios,Aluguel,Apartamento,201.0,ASA NORTE,BRASILIA,9000.0,44.0,0.0,2.0,-15.763621,-47.8881435,2026-03-28,0
383041,6573155,,Samantha Imóveis,Aluguel,Apartamento,100.0,ASA NORTE,BRASILIA,5700.0,57.0,0.0,1.0,-15.7813383,-47.8899457,2026-03-28,2
390301,6580415,DP704,Premium Imóveis,Aluguel,Apartamento,104.0,ASA NORTE,BRASILIA,6000.0,57.0,0.0,1.0,-15.776849,-47.8885851,2026-03-28,2
390314,6580428,4544,Dall'Oca Imóveis,Aluguel,Apartamento,95.0,ASA NORTE,BRASILIA,9500.0,100.0,1.0,2.0,-15.7885639,-47.889293,2026-03-28,3
390445,6580559,AP00389,J Ribeiro Emp Imobiliários,Aluguel,Apartamento,80.0,ASA NORTE,BRASILIA,6000.0,75.0,0.0,1.0,-15.7434397,-47.8874879,2026-03-28,1
390456,6580570,1320372,Requinte Assessoria Imobiliária,Aluguel,Apartamento,129.0,ASA NORTE,BRASILIA,7500.0,58.0,0.0,1.0,-15.7813954,-47.8799139,2026-03-28,2
390510,6580624,AP00779,Suprema Construtora e Imobiliária,Aluguel,Apartamento,124.0,ASA NORTE,BRASILIA,8400.0,67.0,3.0,1.0,-15.7633446,-47.8858503,2026-03-28,6
390787,6580900,AP,Marca Empreendimentos Imobiliarios ltda,Aluguel,Apartamento,145.0,ASA NORTE,BRASILIA,8000.0,55.0,0.0,1.0,-15.7708986,-47.879019,2026-03-28,7
390833,6580946,1305766,CASA MONCAIO,Aluguel,Apartamento,105.0,ASA NORTE,BRASILIA,9000.0,85.0,0.0,0.0,-15.7539973,-47.8957712,2026-03-28,5
390893,6581007,03855,Plano Imobiliária,Aluguel,Apartamento,181.0,ASA NORTE,BRASILIA,8950.0,49.0,0.0,1.0,-15.7690209,-47.8834096,2026-03-28,0
420295,6610391,1329201,Paulo Octavio Aluguel,Aluguel,Apartamento,71.0,ASA NORTE,BRASILIA,5800.0,81.0,0.0,1.0,-15.7660717,-47.8855855,2026-04-05,8
420320,6610416,1329228,Thiago Cipriano,Aluguel,Apartamento,127.0,ASA NORTE,BRASILIA,6500.0,51.0,0.0,1.0,-15.7383389,-47.8939141,2026-04-05,7
420463,6610558,1320372,Requinte Assessoria Imobiliária,Aluguel,Apartamento,129.0,ASA NORTE,BRASILIA,7500.0,58.0,0.0,1.0,-15.7813954,-47.8799139,2026-04-05,2
420563,6610657,1305766,CASA MONCAIO,Aluguel,Apartamento,105.0,ASA NORTE,BRASILIA,9000.0,85.0,0.0,0.0,-15.7539973,-47.8957712,2026-04-05,5
420611,6610705,1323902,Victor Cruz Negócios Imobiliários,Aluguel,Apartamento,40.0,ASA NORTE,BRASILIA,4000.0,100.0,0.0,1.0,-15.7813383,-47.8899457,2026-04-05,3
420712,6610805,FDSQN309L-DFI,FERREIRA EMPREENDIMENTOS IMOBILIARIOS,Aluguel,Apartamento,136.0,ASA NORTE,BRASILIA,8200.0,60.0,3.0,1.0,-15.7608412,-47.888517,2026-04-05,2
420759,6610852,,Samantha Imóveis,Aluguel,Apartamento,100.0,ASA NORTE,BRASILIA,5700.0,57.0,0.0,1.0,-15.7813383,-47.8899457,2026-04-05,2
420776,6610869,FL2602,Cantos Brasília Imóveis,Aluguel,Apartamento,201.0,ASA NORTE,BRASILIA,10000.0,49.0,0.0,2.0,-15.7508971,-47.8888464,2026-04-05,0
420835,6610928,AP00779,Suprema Construtora e Imobiliária,Aluguel,Apartamento,124.0,ASA NORTE,BRASILIA,8400.0,67.0,3.0,1.0,-15.7633446,-47.8858503,2026-04-05,6
420876,6610968,03855,Plano Imobiliária,Aluguel,Apartamento,181.0,ASA NORTE,BRASILIA,8950.0,49.0,0.0,1.0,-15.7690209,-47.8834096,2026-04-05,0
421040,6611131,LIV,Santa Teresa Imóveis,Aluguel,Apartamento,41.0,ASA NORTE,BRASILIA,3948.0,96.0,0.0,1.0,-15.7539973,-47.8957712,2026-04-05,3
477691,6667783,1331331,Divino Imóveis,Aluguel,Apartamento,67.0,ASA NORTE,BRASILIA,4300.0,64.0,0.0,0.0,-15.7403865,-47.8900956,2026-04-12,6
477714,6667806,1320372,Requinte Assessoria Imobiliária,Aluguel,Apartamento,129.0,ASA NORTE,BRASILIA,7500.0,58.0,0.0,1.0,-15.7813954,-47.8799139,2026-04-12,2
477733,6667825,JCS703,Regina Kanashiro Negócios Imobiliários,Aluguel,Apartamento,89.0,ASA NORTE,BRASILIA,5240.0,58.0,0.0,1.0,-15.7539973,-47.8957712,2026-04-12,2
477790,6667882,03619,Plano Imobiliária,Aluguel,Apartamento,45.0,ASA NORTE,BRASILIA,3850.0,85.0,0.0,0.0,-15.7382925,-47.8896485,2026-04-12,5
477821,6667912,1329201,Paulo Octavio Aluguel,Aluguel,Apartamento,71.0,ASA NORTE,BRASILIA,5800.0,81.0,0.0,1.0,-15.7660717,-47.8855855,2026-04-12,8
477841,6667932,1323902,Victor Cruz Negócios Imobiliários,Aluguel,Apartamento,40.0,ASA NORTE,BRASILIA,4000.0,100.0,0.0,1.0,-15.7813383,-47.8899457,2026-04-12,3
477898,6667989,1305766,CASA MONCAIO,Aluguel,Apartamento,105.0,ASA NORTE,BRASILIA,9000.0,85.0,0.0,0.0,-15.7539973,-47.8957712,2026-04-12,5
479740,6669833,FL2602,Cantos Brasília Imóveis,Aluguel,Apartamento,201.0,ASA NORTE,BRASILIA,10000.0,49.0,0.0,2.0,-15.7508971,-47.8888464,2026-04-12,0
479794,6669887,913L-DFI,Armando Imóveis,Aluguel,Apartamento,130.0,ASA NORTE,BRASILIA,7500.0,57.0,3.0,1.0,-15.7818458,-47.879114,2026-04-12,2
479806,6669899,,HOME BRASILIA IMOBILIARIA,Aluguel,Apartamento,137.0,ASA NORTE,BRASILIA,10000.0,72.0,3.0,0.0,-15.7508971,-47.8888464,2026-04-12,1
479817,6669909,AP00754,Edivar Gonçalves - Consultor Imobiliário,Aluguel,Apartamento,128.0,ASA NORTE,BRASILIA,9500.0,74.0,0.0,2.0,-15.7388312,-47.8976534,2026-04-12,1
479829,6669921,FDSQN309L-DFI,FERREIRA EMPREENDIMENTOS IMOBILIARIOS,Aluguel,Apartamento,136.0,ASA NORTE,BRASILIA,8200.0,60.0,3.0,1.0,-15.7608412,-47.888517,2026-04-12,2
479897,6669990,,Samantha Imóveis,Aluguel,Apartamento,100.0,ASA NORTE,BRASILIA,5700.0,57.0,0.0,1.0,-15.7813383,-47.8899457,2026-04-12,2
480081,6670174,AP00779,Suprema Construtora e Imobiliária,Aluguel,Apartamento,124.0,ASA NORTE,BRASILIA,8400.0,67.0,3.0,1.0,-15.7633446,-47.8858503,2026-04-12,6
480431,6670524,03855,Plano Imobiliária,Aluguel,Apartamento,181.0,ASA NORTE,BRASILIA,8500.0,46.0,0.0,1.0,-15.7690209,-47.8834096,2026-04-12,0
527332,6717438,1323902,Victor Cruz Negócios Imobiliários,Aluguel,Apartamento,40.0,ASA NORTE,BRASILIA,4000.0,100.0,0.0,1.0,-15.7813383,-47.8899457,2026-04-19,3
527420,6717526,1329201,Paulo Octavio Aluguel,Aluguel,Apartamento,71.0,ASA NORTE,BRASILIA,5800.0,81.0,0.0,1.0,-15.7660717,-47.8855855,2026-04-19,8
527594,6717700,1320372,Requinte Assessoria Imobiliária,Aluguel,Apartamento,129.0,ASA NORTE,BRASILIA,7500.0,58.0,0.0,1.0,-15.7813954,-47.8799139,2026-04-19,2
527603,6717709,,Samantha Imóveis,Aluguel,Apartamento,100.0,ASA NORTE,BRASILIA,5700.0,57.0,0.0,1.0,-15.7813383,-47.8899457,2026-04-19,2
527606,6717712,1335823,Casa Brasília Imóveis,Aluguel,Apartamento,81.0,ASA NORTE,BRASILIA,5250.0,64.0,0.0,1.0,-15.7813383,-47.8899457,2026-04-19,6
527615,6717721,AP00779,Suprema Construtora e Imobiliária,Aluguel,Apartamento,124.0,ASA NORTE,BRASILIA,8200.0,66.0,3.0,1.0,-15.7636399,-47.8868609,2026-04-19,6
528099,6718205,CO1677,Coemi Imóveis,Aluguel,Apartamento,45.0,ASA NORTE,BRASILIA,4000.0,88.0,2.0,0.0,-15.7795967,-47.8907921,2026-04-19,5
528225,6718331,JCS703,Regina Kanashiro Negócios Imobiliários,Aluguel,Apartamento,89.0,ASA NORTE,BRASILIA,5240.0,58.0,0.0,1.0,-15.7539973,-47.8957712,2026-04-19,2
528276,6718382,FL2602,Cantos Brasília Imóveis,Aluguel,Apartamento,201.0,ASA NORTE,BRASILIA,10000.0,49.0,0.0,2.0,-15.7508971,-47.8888464,2026-04-19,0
528284,6718390,4638,Dall'Oca Imóveis,Aluguel,Apartamento,118.0,ASA NORTE,BRASILIA,8000.0,67.0,0.0,1.0,-15.7786851,-47.8778632,2026-04-19,6
528830,6718936,03855,Plano Imobiliária,Aluguel,Apartamento,181.0,ASA NORTE,BRASILIA,8000.0,44.0,0.0,1.0,-15.7690209,-47.8834096,2026-04-19,0
623679,6005120,AP0206,,Aluguel,Apartamento,32.0,ASA NORTE,BRASILIA,1690.0,52.0,0.0,0.0,-15.7626,-47.8883,2025-09-07,7
630213,6005392,1219736,,Aluguel,Apartamento,75.0,ASA NORTE,BRASILIA,5000.0,66.0,0.0,1.0,-15.755,-47.8917,2025-09-07,6
633465,6005497,1140007,,Aluguel,Apartamento,158.0,ASA NORTE,BRASILIA,7200.0,45.0,0.0,2.0,-15.7502,-47.8859,2025-09-07,0
702770,6013534,TRG0067,,Aluguel,Apartamento,26.0,ASA NORTE,BRASILIA,1550.0,59.0,0.0,1.0,-15.7662,-47.8751,2025-09-07,2
703130,6013567,732439,,Aluguel,Apartamento,107.0,ASA NORTE,BRASILIA,5000.0,46.0,0.0,1.0,-15.7375,-47.8901,2025-09-07,0
703765,6013637,CO8466,,Aluguel,Apartamento,127.0,ASA NORTE,BRASILIA,9900.0,77.0,0.0,2.0,-15.7466,-47.8923,2025-09-07,8
703873,6013638,170477,,Aluguel,Apartamento,112.0,ASA NORTE,BRASILIA,5500.0,49.0,0.0,1.0,-15.7666,-47.8837,2025-09-07,0
714373,6013763,AP00068,,Aluguel,Apartamento,135.0,ASA NORTE,BRASILIA,5000.0,37.0,4.0,0.0,-15.762,-47.8781,2025-09-07,4
715638,6013913,1178989,,Aluguel,Apartamento,94.0,ASA NORTE,BRASILIA,5000.0,53.0,0.0,48.0,-15.7518,-47.8927,2025-09-07,7
728040,6013683,678751A,,Aluguel,Apartamento,102.0,ASA NORTE,BRASILIA,3800.0,37.0,0.0,0.0,-15.7621,-47.894,2025-09-07,4
729296,6014820,AP0249,,Aluguel,Apartamento,38.0,ASA NORTE,BRASILIA,3700.0,97.0,0.0,1.0,-15.7813,-47.8899,2025-09-07,3
729342,6014823,1219724,,Aluguel,Apartamento,84.0,ASA NORTE,BRASILIA,4700.0,55.0,0.0,1.0,-15.7427,-47.888,2025-09-07,7
733628,6014964,1185406,,Aluguel,Apartamento,128.0,ASA NORTE,BRASILIA,9800.0,76.0,0.0,2.0,-15.7723,-47.8869,2025-09-07,8
733800,6015001,63018,,Aluguel,Apartamento,60.0,ASA NORTE,BRASILIA,3000.0,50.0,0.0,0.0,-15.7832,-47.8763,2025-09-07,7
737849,6015655,1200724,,Aluguel,Apartamento,100.0,ASA NORTE,BRASILIA,7500.0,75.0,0.0,2.0,-15.7413,-47.8839,2025-09-07,1
780759,6020002,CO0015A,,Aluguel,Apartamento,197.0,ASA NORTE,BRASILIA,9500.0,48.0,0.0,2.0,-15.7529,-47.8847,2025-09-07,0
790474,6020132,AP0346,,Aluguel,Apartamento,42.0,ASA NORTE,BRASILIA,3150.0,75.0,2.0,0.0,-15.7682,-47.891,2025-09-07,1
791438,6020243,1219960,,Aluguel,Apartamento,94.0,ASA NORTE,BRASILIA,6000.0,63.0,0.0,1.0,-15.7729,-47.8797,2025-09-07,6
801666,6021271,703N,,Aluguel,Apartamento,34.0,ASA NORTE,BRASILIA,2650.0,77.0,0.0,0.0,-15.7787,-47.889,2025-09-07,8
824975,6025345,TRG0067,,Aluguel,Apartamento,26.0,ASA NORTE,BRASILIA,1550.0,59.0,0.0,1.0,-15.7662,-47.8751,2025-09-14,2
825969,6025430,1226546,,Aluguel,Apartamento,50.0,ASA NORTE,BRASILIA,2900.0,58.0,0.0,1.0,-15.737,-47.891,2025-09-14,2
838242,6026011,683793,,Aluguel,Apartamento,121.0,ASA NORTE,BRASILIA,4550.0,37.0,3.0,0.0,-15.7585,-47.894,2025-09-14,4
840655,6026340,AP0206,,Aluguel,Apartamento,32.0,ASA NORTE,BRASILIA,1690.0,52.0,0.0,0.0,-15.7626,-47.8883,2025-09-14,7
841208,6026341,AP0215,,Aluguel,Apartamento,44.0,ASA NORTE,BRASILIA,2300.0,52.0,0.0,0.0,-15.7477,-47.9014,2025-09-14,7
844551,6026524,EL1332,,Aluguel,Apartamento,95.0,ASA NORTE,BRASILIA,5200.0,54.0,3.0,1.0,-15.7545,-47.891,2025-09-14,7
844593,6026526,1218908,,Aluguel,Apartamento,72.0,ASA NORTE,BRASILIA,6000.0,83.0,0.0,2.0,-15.7413,-47.8839,2025-09-14,5
846698,6026910,CB312,,Aluguel,Apartamento,85.0,ASA NORTE,BRASILIA,4530.0,53.0,0.0,1.0,-15.7783,-47.8898,2025-09-14,7
847126,6027084,200631302SM,,Aluguel,Apartamento,33.0,ASA NORTE,BRASILIA,2500.0,75.0,0.0,1.0,53.912,38.557,2025-09-14,1
1115256,5530366,AC3300,,Aluguel,Apartamento,50.0,ASA NORTE,BRASILIA,2200.0,44.0,0.0,0.0,-15.739,-47.8892,2025-07-27,0
1155667,5990451,947926,,Aluguel,Apartamento,45.0,ASA NORTE,BRASILIA,2800.0,62.0,0.0,1.0,-15.7639,-47.8933,2025-09-07,6
1155726,5990466,11047,,Aluguel,Apartamento,139.0,ASA NORTE,BRASILIA,7400.0,53.0,0.0,1.0,-15.7456,-47.8946,2025-09-07,7
1155887,5990513,706104,,Aluguel,Apartamento,47.0,ASA NORTE,BRASILIA,3100.0,65.0,0.0,0.0,-15.7694,-47.8911,2025-09-07,6
1155922,5990521,AP00224,,Aluguel,Apartamento,122.0,ASA NORTE,BRASILIA,6300.0,51.0,2.0,1.0,-15.7636,-47.8869,2025-09-07,7
1156178,5990571,284390,,Aluguel,Apartamento,52.0,ASA NORTE,BRASILIA,3000.0,57.0,0.0,0.0,-15.7832,-47.8763,2025-09-07,2
1156184,5990573,1-3924441,,Aluguel,Apartamento,105.0,ASA NORTE,BRASILIA,7500.0,71.0,0.0,1.0,-15.7521,-47.8848,2025-09-07,1
1156527,5990638,AP0543,,Aluguel,Apartamento,68.0,ASA NORTE,BRASILIA,3590.0,52.0,0.0,0.0,-15.7392,-47.9025,2025-09-07,7
1156640,5990655,1200563,,Aluguel,Apartamento,101.0,ASA NORTE,BRASILIA,8200.0,81.0,0.0,1.0,-15.7797,-47.8869,2025-09-07,8
1157087,5990731,FIRENZE,,Aluguel,Apartamento,94.0,ASA NORTE,BRASILIA,6200.0,65.0,0.0,1.0,-15.7729,-47.8797,2025-09-07,6
1157328,5990786,1211254,,Aluguel,Apartamento,90.0,ASA NORTE,BRASILIA,6500.0,72.0,0.0,2.0,-15.7898,-47.8899,2025-09-07,1
1157544,5990823,03795,,Aluguel,Apartamento,96.0,ASA NORTE,BRASILIA,4000.0,41.0,0.0,1.0,-15.7562,-47.8851,2025-09-07,4
1157998,5990914,IG0010,,Aluguel,Apartamento,74.0,ASA NORTE,BRASILIA,6800.0,92.0,2.0,2.0,-15.7509,-47.8888,2025-09-07,3
1158042,5990923,AP00935,,Aluguel,Apartamento,28.0,ASA NORTE,BRASILIA,2500.0,89.0,0.0,1.0,-15.7448,-47.9013,2025-09-07,5
1158537,5991006,1016350,,Aluguel,Apartamento,72.0,ASA NORTE,BRASILIA,6300.0,87.0,0.0,2.0,-15.7413,-47.8839,2025-09-07,5
1158610,5991019,2457,,Aluguel,Apartamento,95.0,ASA NORTE,BRASILIA,5500.0,57.0,0.0,1.0,-15.772,-47.886,2025-09-07,2
1158833,5991062,4546,,Aluguel,Apartamento,124.0,ASA NORTE,BRASILIA,4900.0,39.0,0.0,1.0,-15.7638,-47.89,2025-09-07,4
1159223,5991144,1218772,,Aluguel,Apartamento,42.0,ASA NORTE,BRASILIA,2200.0,52.0,0.0,0.0,-15.7411,-47.8986,2025-09-07,7
1159618,5991212,668059,,Aluguel,Apartamento,25.0,ASA NORTE,BRASILIA,1800.0,72.0,1.0,1.0,-15.7559,-47.8981,2025-09-07,1
1159734,5991238,CB3122,,Aluguel,Apartamento,85.0,ASA NORTE,BRASILIA,4530.0,53.0,0.0,1.0,-15.7783,-47.8898,2025-09-07,7
1159884,5991270,683793,,Aluguel,Apartamento,121.0,ASA NORTE,BRASILIA,4550.0,37.0,3.0,0.0,-15.7585,-47.894,2025-09-07,4
1160121,5991311,62478,,Aluguel,Apartamento,30.0,ASA NORTE,BRASILIA,1300.0,43.0,0.0,0.0,-15.7461,-47.8975,2025-09-07,0
1160235,5991332,00043L-DFI,,Aluguel,Apartamento,40.0,ASA NORTE,BRASILIA,1800.0,45.0,0.0,0.0,-15.7461,-47.8975,2025-09-07,0
1160407,5991358,1211441,,Aluguel,Apartamento,55.0,ASA NORTE,BRASILIA,2700.0,49.0,2.0,0.0,-15.7703,-47.8899,2025-09-07,0
1160750,5991427,AP0318,,Aluguel,Apartamento,50.0,ASA NORTE,BRASILIA,3590.0,71.0,0.0,0.0,-15.7554,-47.8832,2025-09-07,1
1161224,5991495,1218908,,Aluguel,Apartamento,72.0,ASA NORTE,BRASILIA,6000.0,83.0,0.0,2.0,-15.7413,-47.8839,2025-09-07,5
1161288,5991507,1127712,,Aluguel,Apartamento,47.0,ASA NORTE,BRASILIA,3500.0,74.0,1.0,0.0,-15.7554,-47.8832,2025-09-07,1
1161448,5991529,887723,,Aluguel,Apartamento,52.0,ASA NORTE,BRASILIA,3799.0,73.0,0.0,0.0,-15.7401,-47.8957,2025-09-07,1
1161486,5991540,1218836,,Aluguel,Apartamento,160.0,ASA NORTE,BRASILIA,8500.0,53.0,4.0,2.0,-15.7574,-47.8878,2025-09-07,7
1161859,5991609,APTO217,,Aluguel,Apartamento,40.0,ASA NORTE,BRASILIA,3100.0,76.0,0.0,0.0,-15.7766,-47.8783,2025-09-07,8
1161873,5991610,AP0266,,Aluguel,Apartamento,65.0,ASA NORTE,BRASILIA,3890.0,59.0,0.0,0.0,-15.7401,-47.8957,2025-09-07,2
1162255,5991686,1219890,,Aluguel,Apartamento,72.0,ASA NORTE,BRASILIA,3800.0,52.0,0.0,1.0,-15.7407,-47.888,2025-09-07,7
1162762,5991769,AN-LOR1L-DFI,,Aluguel,Apartamento,42.0,ASA NORTE,BRASILIA,1800.0,42.0,1.0,0.0,-15.7695,-47.8904,2025-09-07,0
1167069,5513051,00042,,Aluguel,Apartamento,32.0,ASA NORTE,BRASILIA,2750.0,84.0,0.0,2.0,-15.7598,-47.8977,2025-07-27,5
1167154,5513135,1173079,,Aluguel,Apartamento,133.0,ASA NORTE,BRASILIA,7000.0,52.0,0.0,1.0,-15.7816,-47.8786,2025-07-27,7
1167169,5513150,690866,,Aluguel,Apartamento,68.0,ASA NORTE,BRASILIA,3500.0,51.0,0.0,1.0,-15.7451,-47.8935,2025-07-27,7
1168989,5514949,1049394,,Aluguel,Apartamento,122.0,ASA NORTE,BRASILIA,6300.0,51.0,0.0,1.0,-15.7682,-47.8883,2025-07-27,7
1169028,5514987,AP0035A,,Aluguel,Apartamento,45.0,ASA NORTE,BRASILIA,1600.0,35.0,0.0,0.0,-15.7472,-47.8967,2025-07-27,4
1169135,5515092,724223,,Aluguel,Apartamento,25.0,ASA NORTE,BRASILIA,1850.0,74.0,0.0,1.0,-15.757,-47.8997,2025-07-27,1
1169420,5515372,216,,Aluguel,Apartamento,44.0,ASA NORTE,BRASILIA,3500.0,79.0,0.0,0.0,-15.737,-47.891,2025-07-27,8
1169942,5515885,TRG0067,,Aluguel,Apartamento,26.0,ASA NORTE,BRASILIA,1700.0,65.0,0.0,1.0,-15.7662,-47.8751,2025-07-27,6
1170193,5516133,1185694,,Aluguel,Apartamento,127.0,ASA NORTE,BRASILIA,9350.0,73.0,0.0,1.0,-15.7588,-47.8842,2025-07-27,1
1170201,5516141,CO0015A,,Aluguel,Apartamento,197.0,ASA NORTE,BRASILIA,9500.0,48.0,0.0,2.0,-15.7529,-47.8847,2025-07-27,0
1170234,5516173,1186386,,Aluguel,Apartamento,100.0,ASA NORTE,BRASILIA,6500.0,64.0,0.0,1.0,-15.7396,-47.8942,2025-07-27,6
1170242,5516181,1196303,,Aluguel,Apartamento,45.0,ASA NORTE,BRASILIA,2790.0,62.0,0.0,1.0,-15.7383,-47.8896,2025-07-27,6
1170296,5516234,706202,,Aluguel,Apartamento,47.0,ASA NORTE,BRASILIA,3100.0,65.0,0.0,0.0,-15.7694,-47.8911,2025-07-27,6
1170351,5516289,1200563,,Aluguel,Apartamento,160.0,ASA NORTE,BRASILIA,9200.0,57.0,0.0,1.0,-15.7797,-47.8869,2025-07-27,2
1170446,5516382,SP954,,Aluguel,Apartamento,112.0,ASA NORTE,BRASILIA,6000.0,53.0,0.0,1.0,-15.7576,-47.8905,2025-07-27,7
1170601,5516535,CO8466,,Aluguel,Apartamento,127.0,ASA NORTE,BRASILIA,9900.0,77.0,0.0,2.0,-15.7466,-47.8923,2025-07-27,8
1170658,5516592,LIVE2189,,Aluguel,Apartamento,42.0,ASA NORTE,BRASILIA,3600.0,85.0,0.0,1.0,-15.754,-47.8958,2025-07-27,5
1170775,5516706,620,,Aluguel,Apartamento,72.0,ASA NORTE,BRASILIA,6500.0,89.0,0.0,1.0,-15.757,-47.8837,2025-07-27,5
1170854,5516783,1193629,,Aluguel,Apartamento,100.0,ASA NORTE,BRASILIA,6490.0,64.0,0.0,1.0,0.0,0.0,2025-07-27,6
1171118,5517043,331774,,Aluguel,Apartamento,65.0,ASA NORTE,BRASILIA,3800.0,58.0,0.0,1.0,-15.7823,-47.874,2025-07-27,2
1171240,5517163,290975,,Aluguel,Apartamento,34.0,ASA NORTE,BRASILIA,1800.0,52.0,0.0,0.0,-15.7514,-47.8849,2025-07-27,7
1171362,5517284,119L-DFI,,Aluguel,Apartamento,64.0,ASA NORTE,BRASILIA,3800.0,59.0,0.0,1.0,-15.7793,-47.8867,2025-07-27,2
1171497,5517417,AP0235,,Aluguel,Apartamento,35.0,ASA NORTE,BRASILIA,2000.0,57.0,0.0,0.0,-15.7749,-47.8903,2025-07-27,2
1171923,5517837,10889,,Aluguel,Apartamento,162.0,ASA NORTE,BRASILIA,10000.0,61.0,0.0,1.0,-15.7495,-47.8858,2025-07-27,6
1171928,5517842,M1186060,,Aluguel,Apartamento,68.0,ASA NORTE,BRASILIA,4000.0,58.0,0.0,0.0,-15.7513,-47.8832,2025-07-27,2
1171989,5517903,AP2404A,,Aluguel,Apartamento,95.0,ASA NORTE,BRASILIA,6500.0,68.0,0.0,1.0,-15.7794,-47.8787,2025-07-27,1
1172076,5517990,732439,,Aluguel,Apartamento,107.0,ASA NORTE,BRASILIA,5800.0,54.0,0.0,1.0,-15.7375,-47.8901,2025-07-27,7
1181486,5527365,1039877,,Aluguel,Apartamento,163.0,ASA NORTE,BRASILIA,10000.0,61.0,0.0,1.0,-15.7502,-47.8859,2025-07-27,6
1181527,5527405,TH32878,,Aluguel,Apartamento,38.0,ASA NORTE,BRASILIA,2000.0,52.0,1.0,0.0,-15.7453,-47.898,2025-07-27,7
1181533,5527411,1196392,,Aluguel,Apartamento,55.0,ASA NORTE,BRASILIA,2000.0,36.0,0.0,0.0,-15.7612,-47.8927,2025-07-27,4
1181541,5527419,FB0001,,Aluguel,Apartamento,158.0,ASA NORTE,BRASILIA,7200.0,45.0,0.0,2.0,-15.7502,-47.8859,2025-07-27,0
1181613,5527491,28658,,Aluguel,Apartamento,70.0,ASA NORTE,BRASILIA,4750.0,67.0,2.0,0.0,-15.761,-47.8913,2025-07-27,6
1181752,5527631,62478,,Aluguel,Apartamento,30.0,ASA NORTE,BRASILIA,1300.0,43.0,0.0,0.0,-15.7461,-47.8975,2025-07-27,0
1181819,5527699,1200020,,Aluguel,Apartamento,33.0,ASA NORTE,BRASILIA,1700.0,51.0,0.0,0.0,-15.7696,-47.892,2025-07-27,7
1181835,5527715,947870,,Aluguel,Apartamento,105.0,ASA NORTE,BRASILIA,5400.0,51.0,0.0,1.0,-15.7488,-47.8936,2025-07-27,7
1181872,5527752,27260,,Aluguel,Apartamento,39.0,ASA NORTE,BRASILIA,1700.0,43.0,0.0,1.0,-15.7662,-47.8751,2025-07-27,0
1182002,5527882,879143,,Aluguel,Apartamento,80.0,ASA NORTE,BRASILIA,4500.0,56.0,0.0,1.0,-15.7428,-47.888,2025-07-27,2
1182047,5527927,EL1482,,Aluguel,Apartamento,90.0,ASA NORTE,BRASILIA,4600.0,51.0,0.0,1.0,-15.7371,-47.8912,2025-07-27,7
1182098,5527979,919090,,Aluguel,Apartamento,128.0,ASA NORTE,BRASILIA,5590.0,43.0,0.0,1.0,-15.7391,-47.8937,2025-07-27,0
1182103,5527984,VILLA151785A01,,Aluguel,Apartamento,95.0,ASA NORTE,BRASILIA,5500.0,57.0,0.0,1.0,-15.7793,-47.8867,2025-07-27,2
1182172,5528053,2041119D,,Aluguel,Apartamento,28.0,ASA NORTE,BRASILIA,1700.0,60.0,0.0,1.0,0.0,0.0,2025-07-27,2
1182342,5528224,1140008,,Aluguel,Apartamento,135.0,ASA NORTE,BRASILIA,5900.0,43.0,0.0,1.0,-15.7388,-47.8977,2025-07-27,0
1182431,5528316,2169348,,Aluguel,Apartamento,75.0,ASA NORTE,BRASILIA,3600.0,48.0,0.0,1.0,-15.7509,-47.8888,2025-07-27,0
1182473,5528358,AC3516,,Aluguel,Apartamento,25.0,ASA NORTE,BRASILIA,1900.0,76.0,0.0,0.0,-15.757,-47.8997,2025-07-27,8
1182566,5528452,1198076,,Aluguel,Apartamento,40.0,ASA NORTE,BRASILIA,2100.0,52.0,0.0,0.0,-15.7696,-47.892,2025-07-27,7
1182594,5528480,CO5749,,Aluguel,Apartamento,96.0,ASA NORTE,BRASILIA,6000.0,62.0,3.0,1.0,-15.755,-47.8908,2025-07-27,6
1182639,5528525,893946,,Aluguel,Apartamento,45.0,ASA NORTE,BRASILIA,1380.0,30.0,0.0,0.0,-15.7569,-47.8941,2025-07-27,4
1182807,5528692,801131,,Aluguel,Apartamento,181.0,ASA NORTE,BRASILIA,9200.0,50.0,0.0,1.0,-15.7695,-47.8833,2025-07-27,7
1182845,5528731,668059,,Aluguel,Apartamento,25.0,ASA NORTE,BRASILIA,1800.0,72.0,1.0,1.0,-15.7559,-47.8981,2025-07-27,1
1182879,5528766,AC3550,,Aluguel,Apartamento,30.0,ASA NORTE,BRASILIA,1200.0,40.0,0.0,0.0,-15.7538,-47.8818,2025-07-27,4
1182918,5528805,129,,Aluguel,Apartamento,85.0,ASA NORTE,BRASILIA,3750.0,44.0,0.0,1.0,-15.7511,-47.8935,2025-07-27,0
1183061,5528948,rob716,,Aluguel,Apartamento,32.0,ASA NORTE,BRASILIA,2000.0,62.0,0.0,0.0,-15.7385,-47.9007,2025-07-27,6
1183077,5528964,708,,Aluguel,Apartamento,51.0,ASA NORTE,BRASILIA,3100.0,60.0,0.0,1.0,-15.7639,-47.8933,2025-07-27,2
1183095,5528983,880131002-129,,Aluguel,Apartamento,72.0,ASA NORTE,BRASILIA,4500.0,62.0,0.0,1.0,-15.762,-47.8909,2025-07-27,6
1183144,5529033,AP0006,,Aluguel,Apartamento,110.0,ASA NORTE,BRASILIA,5500.0,50.0,0.0,1.0,-15.7484,-47.8908,2025-07-27,7
1183220,5529109,20412846,,Aluguel,Apartamento,96.0,ASA NORTE,BRASILIA,4500.0,46.0,0.0,0.0,-15.7583,-47.8796,2025-07-27,0
1183281,5529169,RRO696,,Aluguel,Apartamento,30.0,ASA NORTE,BRASILIA,1200.0,40.0,0.0,0.0,-15.7389,-47.9007,2025-07-27,4
1183312,5529200,AP0269,,Aluguel,Apartamento,44.0,ASA NORTE,BRASILIA,2670.0,60.0,0.0,0.0,-15.7477,-47.9014,2025-07-27,2
1183348,5529237,PIN00745,,Aluguel,Apartamento,60.0,ASA NORTE,BRASILIA,1600.0,26.0,0.0,0.0,-15.7523,-47.8955,2025-07-27,4
1183364,5529253,AP00168,,Aluguel,Apartamento,78.0,ASA NORTE,BRASILIA,4300.0,55.0,3.0,0.0,-15.7748,-47.8763,2025-07-27,7
1183404,5529293,P3249A,,Aluguel,Apartamento,100.0,ASA NORTE,BRASILIA,6300.0,63.0,0.0,1.0,-15.7396,-47.8942,2025-07-27,6
1183622,5529511,1110239,,Aluguel,Apartamento,104.0,ASA NORTE,BRASILIA,4200.0,40.0,3.0,0.0,-15.7657,-47.8783,2025-07-27,4
1183718,5529608,AP0214,,Aluguel,Apartamento,27.0,ASA NORTE,BRASILIA,1600.0,59.0,0.0,1.0,-15.736,-47.9053,2025-07-27,2
1183773,5529663,FAL1097,,Aluguel,Apartamento,27.0,ASA NORTE,BRASILIA,1900.0,70.0,0.0,1.0,-15.7662,-47.8751,2025-07-27,1
1183780,5529670,TH28422,,Aluguel,Apartamento,58.0,ASA NORTE,BRASILIA,2400.0,41.0,1.0,0.0,-15.737,-47.891,2025-07-27,4
1183799,5529689,AP0249,,Aluguel,Apartamento,38.0,ASA NORTE,BRASILIA,3600.0,94.0,0.0,1.0,-15.7813,-47.8899,2025-07-27,3
1183818,5529708,1140007,,Aluguel,Apartamento,158.0,ASA NORTE,BRASILIA,7200.0,45.0,0.0,2.0,-15.7502,-47.8859,2025-07-27,0
1183825,5529715,1200724,,Aluguel,Apartamento,100.0,ASA NORTE,BRASILIA,8000.0,80.0,0.0,2.0,-15.7413,-47.8839,2025-07-27,8
1183941,5529832,188,,Aluguel,Apartamento,36.0,ASA NORTE,BRASILIA,1690.0,46.0,0.0,0.0,-15.753,-47.881,2025-07-27,0
1183951,5529842,AP01562,,Aluguel,Apartamento,140.0,ASA NORTE,BRASILIA,5900.0,42.0,0.0,0.0,-15.7388,-47.8977,2025-07-27,0
1183985,5529876,sqn202,,Aluguel,Apartamento,169.0,ASA NORTE,BRASILIA,9500.0,56.0,0.0,1.0,-15.7829,-47.8779,2025-07-27,2
1184003,5529894,FL15071,,Aluguel,Apartamento,78.0,ASA NORTE,BRASILIA,5700.0,73.0,0.0,1.0,-15.7502,-47.8859,2025-07-27,1
1184096,5529989,AP0273,,Aluguel,Apartamento,27.0,ASA NORTE,BRASILIA,1650.0,61.0,0.0,0.0,-15.7716,-47.8939,2025-07-27,6
1184135,5530028,AP0543,,Aluguel,Apartamento,68.0,ASA NORTE,BRASILIA,3700.0,54.0,0.0,0.0,-15.7392,-47.9025,2025-07-27,7
1184147,5530040,TH25915,,Aluguel,Apartamento,50.0,ASA NORTE,BRASILIA,1600.0,32.0,1.0,0.0,-15.7453,-47.8992,2025-07-27,4
1184196,5530089,VILLA148790A01,,Aluguel,Apartamento,45.0,ASA NORTE,BRASILIA,2100.0,46.0,0.0,0.0,-15.7772,-47.8829,2025-07-27,0
1184224,5530117,1180852,,Aluguel,Apartamento,72.0,ASA NORTE,BRASILIA,4000.0,55.0,0.0,1.0,-15.7661,-47.8856,2025-07-27,7
1184301,5530194,1108749,,Aluguel,Apartamento,50.0,ASA NORTE,BRASILIA,1900.0,38.0,0.0,0.0,-15.7582,-47.8932,2025-07-27,4
1184328,5530221,1184100,,Aluguel,Apartamento,44.0,ASA NORTE,BRASILIA,3500.0,79.0,0.0,1.0,-15.7787,-47.889,2025-07-27,8
1184534,5530442,710827,,Aluguel,Apartamento,31.0,ASA NORTE,BRASILIA,1750.0,56.0,1.0,0.0,-15.7574,-47.8954,2025-07-27,2
1184723,5530630,1201294,,Aluguel,Apartamento,68.0,ASA NORTE,BRASILIA,3800.0,55.0,2.0,0.0,-15.7513,-47.8832,2025-07-27,7
1184728,5530636,00061,,Aluguel,Apartamento,40.0,ASA NORTE,BRASILIA,1500.0,37.0,0.0,0.0,-15.78,-47.8767,2025-07-27,4
1184920,5530828,1181629,,Aluguel,Apartamento,110.0,ASA NORTE,BRASILIA,6500.0,59.0,0.0,1.0,-15.7796,-47.8787,2025-07-27,2
1185130,5531042,1199251,,Aluguel,Apartamento,75.0,ASA NORTE,BRASILIA,4200.0,56.0,0.0,1.0,-15.7502,-47.8859,2025-07-27,2
1185143,5531055,106,,Aluguel,Apartamento,115.0,ASA NORTE,BRASILIA,5490.0,47.0,0.0,0.0,-15.7726,-47.8836,2025-07-27,0
1185263,5531174,1194374,,Aluguel,Apartamento,66.0,ASA NORTE,BRASILIA,4000.0,60.0,0.0,1.0,-15.7401,-47.8957,2025-07-27,2
1185306,5531218,708405,,Aluguel,Apartamento,60.0,ASA NORTE,BRASILIA,3300.0,55.0,2.0,0.0,-15.7656,-47.8783,2025-07-27,7
1185498,5531410,1114309,,Aluguel,Apartamento,123.0,ASA NORTE,BRASILIA,5950.0,48.0,0.0,1.0,-15.7557,-47.8833,2025-07-27,0
1185531,5531443,LIVE,,Aluguel,Apartamento,40.0,ASA NORTE,BRASILIA,3570.0,89.0,0.0,1.0,-15.754,-47.8958,2025-07-27,5
1185542,5531454,2457,,Aluguel,Apartamento,95.0,ASA NORTE,BRASILIA,5500.0,57.0,0.0,1.0,-15.772,-47.886,2025-07-27,2
1185562,5531474,1199561,,Aluguel,Apartamento,50.0,ASA NORTE,BRASILIA,1800.0,36.0,0.0,0.0,-15.7516,-47.8965,2025-07-27,4
1185573,5531485,1050,,Aluguel,Apartamento,125.0,ASA NORTE,BRASILIA,5800.0,46.0,0.0,0.0,-15.7754,-47.8823,2025-07-27,0
1185696,5531608,1201166,,Aluguel,Apartamento,35.0,ASA NORTE,BRASILIA,1300.0,37.0,0.0,0.0,-15.7384,-47.9001,2025-07-27,4
1185697,5531609,,,Aluguel,Apartamento,45.0,ASA NORTE,BRASILIA,2400.0,53.0,0.0,0.0,-15.7712,-47.8757,2025-07-27,7
1185734,5531646,1199473,,Aluguel,Apartamento,42.0,ASA NORTE,BRASILIA,3500.0,83.0,0.0,1.0,-15.7401,-47.8976,2025-07-27,5
1185761,5531673,168,,Aluguel,Apartamento,55.0,ASA NORTE,BRASILIA,4100.0,74.0,0.0,1.0,-15.776,-47.8907,2025-07-27,1
1186024,5531932,RRO469,,Aluguel,Apartamento,22.0,ASA NORTE,BRASILIA,1300.0,59.0,0.0,0.0,-15.7665,-47.8775,2025-07-27,2
1186028,5531936,714719,,Aluguel,Apartamento,65.0,ASA NORTE,BRASILIA,3800.0,58.0,2.0,0.0,-15.75,-47.8831,2025-07-27,2
1186043,5531951,AC1535,,Aluguel,Apartamento,70.0,ASA NORTE,BRASILIA,3300.0,47.0,0.0,1.0,-15.7404,-47.8901,2025-07-27,0
1186065,5531972,3895,,Aluguel,Apartamento,117.0,ASA NORTE,BRASILIA,5200.0,44.0,0.0,1.0,-15.7533,-47.8841,2025-07-27,0
1186087,5531994,AP0081,,Aluguel,Apartamento,130.0,ASA NORTE,BRASILIA,7100.0,54.0,0.0,2.0,-15.7492,-47.8876,2025-07-27,7
1186096,5532003,2065AP00012,,Aluguel,Apartamento,102.0,ASA NORTE,BRASILIA,7700.0,75.0,0.0,1.0,-15.7602,-47.8892,2025-07-27,1
1186110,5532017,930620,,Aluguel,Apartamento,90.0,ASA NORTE,BRASILIA,4200.0,46.0,0.0,0.0,-15.7523,-47.8937,2025-07-27,0
1186235,5532140,AP14204,,Aluguel,Apartamento,120.0,ASA NORTE,BRASILIA,4800.0,40.0,0.0,0.0,-15.746,-47.8981,2025-07-27,4
1186349,5532254,1033980,,Aluguel,Apartamento,52.0,ASA NORTE,BRASILIA,3150.0,60.0,0.0,0.0,-15.7703,-47.8899,2025-07-27,2
1186359,5532264,AC3582,,Aluguel,Apartamento,72.0,ASA NORTE,BRASILIA,4500.0,62.0,0.0,1.0,-15.7509,-47.8888,2025-07-27,6
1186363,5532268,2006CULL31108,,Aluguel,Apartamento,39.0,ASA NORTE,BRASILIA,2700.0,69.0,0.0,0.0,-15.7898,-47.8899,2025-07-27,1
1186386,5532291,FL0407,,Aluguel,Apartamento,129.0,ASA NORTE,BRASILIA,9200.0,71.0,0.0,2.0,-15.7613,-47.8829,2025-07-27,1
1186419,5532324,AC1011,,Aluguel,Apartamento,40.0,ASA NORTE,BRASILIA,3100.0,77.0,0.0,1.0,53.912,38.557,2025-07-27,8
1186421,5532326,1194309,,Aluguel,Apartamento,60.0,ASA NORTE,BRASILIA,6000.0,100.0,0.0,1.0,-15.7909,-47.8853,2025-07-27,3
1186487,5532390,1198436,,Aluguel,Apartamento,75.0,ASA NORTE,BRASILIA,4800.0,64.0,0.0,0.0,-15.755,-47.8806,2025-07-27,6
1186488,5532391,1195953,,Aluguel,Apartamento,44.0,ASA NORTE,BRASILIA,3600.0,81.0,0.0,0.0,-15.7365,-47.8902,2025-07-27,8
1186548,5532451,AP0215,,Aluguel,Apartamento,44.0,ASA NORTE,BRASILIA,2300.0,52.0,0.0,0.0,-15.7477,-47.9014,2025-07-27,7
1186550,5532453,,,Aluguel,Apartamento,28.0,ASA NORTE,BRASILIA,1700.0,60.0,0.0,1.0,0.0,0.0,2025-07-27,2
1186605,5532510,RRO436,,Aluguel,Apartamento,100.0,ASA NORTE,BRASILIA,4500.0,45.0,0.0,1.0,-15.7398,-47.8959,2025-07-27,0
1186628,5532533,1059L-DFI,,Aluguel,Apartamento,40.0,ASA NORTE,BRASILIA,1300.0,32.0,2.0,0.0,-15.759,-47.8929,2025-07-27,4
1186791,5532695,OV244,,Aluguel,Apartamento,115.0,ASA NORTE,BRASILIA,5500.0,47.0,0.0,1.0,-15.758,-47.8906,2025-07-27,0
1186849,5532753,,,Aluguel,Apartamento,96.0,ASA NORTE,BRASILIA,4500.0,46.0,0.0,0.0,-15.7583,-47.8796,2025-07-27,0
1186852,5532756,1140671,,Aluguel,Apartamento,130.0,ASA NORTE,BRASILIA,10000.0,76.0,0.0,2.0,-15.7613,-47.8829,2025-07-27,8
1186977,5532880,AP0007,,Aluguel,Apartamento,28.0,ASA NORTE,BRASILIA,1100.0,39.0,0.0,1.0,-15.7543,-47.9006,2025-07-27,4
1187047,5532950,1200560,,Aluguel,Apartamento,35.0,ASA NORTE,BRASILIA,1300.0,37.0,0.0,0.0,-15.7391,-47.9013,2025-07-27,4
1187055,5532957,884122,,Aluguel,Apartamento,45.0,ASA NORTE,BRASILIA,2490.0,55.0,0.0,0.0,-15.754,-47.8807,2025-07-27,7
1187076,5532978,AP0145,,Aluguel,Apartamento,64.0,ASA NORTE,BRASILIA,3345.0,52.0,3.0,0.0,-15.7376,-47.8872,2025-07-27,7
1187098,5533000,1112393,,Aluguel,Apartamento,68.0,ASA NORTE,BRASILIA,3490.0,51.0,0.0,1.0,-15.7382,-47.8899,2025-07-27,7
1187165,5533067,SM967,,Aluguel,Apartamento,83.0,ASA NORTE,BRASILIA,3800.0,45.0,0.0,1.0,-15.7495,-47.8858,2025-07-27,0
1187358,5533259,1196756,,Aluguel,Apartamento,123.0,ASA NORTE,BRASILIA,5800.0,47.0,0.0,1.0,-15.7576,-47.8905,2025-07-27,0
1187375,5533276,923753,,Aluguel,Apartamento,68.0,ASA NORTE,BRASILIA,4400.0,64.0,0.0,0.0,-15.759,-47.8919,2025-07-27,6
1187384,5533285,784532,,Aluguel,Apartamento,200.0,ASA NORTE,BRASILIA,10000.0,50.0,0.0,2.0,-15.7797,-47.8869,2025-07-27,7
1187518,5533418,,,Aluguel,Apartamento,45.0,ASA NORTE,BRASILIA,2400.0,53.0,0.0,0.0,-15.7712,-47.8757,2025-07-27,7
1187545,5533445,683793,,Aluguel,Apartamento,121.0,ASA NORTE,BRASILIA,4700.0,38.0,3.0,0.0,-15.7585,-47.894,2025-07-27,4
1195534,6004592,TH32878,,Aluguel,Apartamento,38.0,ASA NORTE,BRASILIA,2000.0,52.0,1.0,0.0,-15.7453,-47.898,2025-09-07,7
1195751,6004847,10889,,Aluguel,Apartamento,162.0,ASA NORTE,BRASILIA,10000.0,61.0,0.0,1.0,-15.7495,-47.8858,2025-09-07,6
1195849,6004949,0959L-DFI,,Aluguel,Apartamento,72.0,ASA NORTE,BRASILIA,3900.0,54.0,0.0,0.0,-15.7523,-47.8937,2025-09-07,7
1195852,6004952,P3299,,Aluguel,Apartamento,74.0,ASA NORTE,BRASILIA,6500.0,88.0,0.0,2.0,-15.7509,-47.8888,2025-09-07,5
1196015,6005130,1184100,,Aluguel,Apartamento,44.0,ASA NORTE,BRASILIA,3500.0,79.0,0.0,1.0,-15.7787,-47.889,2025-09-07,8
1196098,6005232,2065AP00012,,Aluguel,Apartamento,102.0,ASA NORTE,BRASILIA,7490.0,73.0,0.0,1.0,-15.7602,-47.8892,2025-09-07,1
1196105,6005239,AC3582,,Aluguel,Apartamento,72.0,ASA NORTE,BRASILIA,4500.0,62.0,0.0,1.0,-15.7509,-47.8888,2025-09-07,6
1196225,6005380,AP2580,,Aluguel,Apartamento,80.0,ASA NORTE,BRASILIA,4850.0,60.0,0.0,1.0,-15.7428,-47.888,2025-09-07,2
1196320,6005485,P3276,,Aluguel,Apartamento,35.0,ASA NORTE,BRASILIA,1500.0,42.0,0.0,0.0,-15.7575,-47.8825,2025-09-07,0
1203983,6013518,1039877,,Aluguel,Apartamento,163.0,ASA NORTE,BRASILIA,10000.0,61.0,0.0,1.0,-15.7502,-47.8859,2025-09-07,6
1204121,6013674,331391,,Aluguel,Apartamento,45.0,ASA NORTE,BRASILIA,2900.0,64.0,0.0,0.0,-15.7463,-47.8939,2025-09-07,6
1204357,6013948,1281051,,Aluguel,Apartamento,60.0,ASA NORTE,BRASILIA,6000.0,100.0,0.0,1.0,-15.7909,-47.8853,2025-09-07,3
1204452,6014059,1033980,,Aluguel,Apartamento,52.0,ASA NORTE,BRASILIA,3000.0,57.0,0.0,0.0,-15.7703,-47.8899,2025-09-07,2
1204460,6014067,PIN00561,,Aluguel,Apartamento,45.0,ASA NORTE,BRASILIA,1500.0,33.0,0.0,0.0,-15.7465,-47.8969,2025-09-07,4
1204572,6014198,205K,,Aluguel,Apartamento,94.0,ASA NORTE,BRASILIA,5900.0,62.0,0.0,1.0,-15.7729,-47.8797,2025-09-07,6
1204583,6014209,1198076,,Aluguel,Apartamento,40.0,ASA NORTE,BRASILIA,2100.0,52.0,0.0,0.0,-15.7696,-47.892,2025-09-07,7
1204673,6014320,sqn202,,Aluguel,Apartamento,169.0,ASA NORTE,BRASILIA,9800.0,57.0,0.0,1.0,-15.7829,-47.8779,2025-09-07,2
1204690,6014337,490,,Aluguel,Apartamento,139.0,ASA NORTE,BRASILIA,7800.0,56.0,4.0,1.0,-15.7453,-47.8943,2025-09-07,2
1204734,6014412,1223570,,Aluguel,Apartamento,125.0,ASA NORTE,BRASILIA,7300.0,58.0,0.0,1.0,-15.7647,-47.8897,2025-09-07,2
1204740,6014418,930620,,Aluguel,Apartamento,90.0,ASA NORTE,BRASILIA,3900.0,43.0,0.0,0.0,-15.7523,-47.8937,2025-09-07,0
1204741,6014419,RRO436,,Aluguel,Apartamento,100.0,ASA NORTE,BRASILIA,4300.0,43.0,0.0,1.0,-15.7398,-47.8959,2025-09-07,0
1204793,6014477,fl12082,,Aluguel,Apartamento,73.0,ASA NORTE,BRASILIA,6800.0,93.0,0.0,2.0,-15.7521,-47.8847,2025-09-07,3
1204799,6014483,4544,,Aluguel,Apartamento,95.0,ASA NORTE,BRASILIA,7000.0,73.0,0.0,2.0,-15.7886,-47.8893,2025-09-07,1
1204829,6014517,145L-DFI,,Aluguel,Apartamento,40.0,ASA NORTE,BRASILIA,1600.0,40.0,0.0,0.0,-15.7544,-47.8948,2025-09-07,4
1204884,6014573,NH471,,Aluguel,Apartamento,150.0,ASA NORTE,BRASILIA,7000.0,46.0,0.0,1.0,-15.758,-47.8906,2025-09-07,0
1204987,6014675,00505,,Aluguel,Apartamento,40.0,ASA NORTE,BRASILIA,1600.0,40.0,0.0,0.0,-15.7438,-47.8978,2025-09-07,4
1204990,6014678,FL0407,,Aluguel,Apartamento,129.0,ASA NORTE,BRASILIA,9200.0,71.0,0.0,2.0,-15.7613,-47.8829,2025-09-07,1
1205000,6014687,679274,,Aluguel,Apartamento,25.0,ASA NORTE,BRASILIA,1400.0,56.0,1.0,1.0,-15.7543,-47.9006,2025-09-07,2
1205015,6014702,4545,,Aluguel,Apartamento,124.0,ASA NORTE,BRASILIA,7500.0,60.0,0.0,1.0,-15.7667,-47.8887,2025-09-07,2
1205029,6014716,CB312,,Aluguel,Apartamento,85.0,ASA NORTE,BRASILIA,4530.0,53.0,0.0,1.0,-15.7783,-47.8898,2025-09-07,7
1205072,6014760,rob716,,Aluguel,Apartamento,32.0,ASA NORTE,BRASILIA,2000.0,62.0,0.0,0.0,-15.7385,-47.9007,2025-09-07,6
1205152,6014858,1218281,,Aluguel,Apartamento,35.0,ASA NORTE,BRASILIA,1700.0,48.0,0.0,0.0,-15.7453,-47.898,2025-09-07,0
1205174,6014881,OV244,,Aluguel,Apartamento,115.0,ASA NORTE,BRASILIA,5500.0,47.0,0.0,1.0,-15.758,-47.8906,2025-09-07,0
1205248,6014991,P3292,,Aluguel,Apartamento,93.0,ASA NORTE,BRASILIA,7800.0,83.0,0.0,2.0,-15.7812,-47.8892,2025-09-07,5
1205373,6015128,FAL1097,,Aluguel,Apartamento,27.0,ASA NORTE,BRASILIA,1900.0,70.0,0.0,1.0,-15.7662,-47.8751,2025-09-07,1
1205397,6015158,AP2620,,Aluguel,Apartamento,42.0,ASA NORTE,BRASILIA,2200.0,52.0,0.0,0.0,-15.7524,-47.8896,2025-09-07,7
1205469,6015234,IG00012,,Aluguel,Apartamento,158.0,ASA NORTE,BRASILIA,7200.0,45.0,2.0,2.0,-15.7502,-47.8859,2025-09-07,0
1205485,6015250,947870,,Aluguel,Apartamento,105.0,ASA NORTE,BRASILIA,5400.0,51.0,0.0,1.0,-15.7488,-47.8936,2025-09-07,7
1205533,6015304,801131,,Aluguel,Apartamento,181.0,ASA NORTE,BRASILIA,8900.0,49.0,0.0,1.0,-15.7695,-47.8833,2025-09-07,0
1205546,6015317,784532,,Aluguel,Apartamento,200.0,ASA NORTE,BRASILIA,9000.0,45.0,0.0,2.0,-15.7797,-47.8869,2025-09-07,0
1205559,6015329,116024,,Aluguel,Apartamento,37.0,ASA NORTE,BRASILIA,1400.0,37.0,0.0,0.0,-15.7436,-47.8983,2025-09-07,4
1205634,6015412,EL2645,,Aluguel,Apartamento,74.0,ASA NORTE,BRASILIA,6200.0,84.0,2.0,1.0,-15.7607,-47.8905,2025-09-07,5
1205742,6015532,AN-LOR6L-DFI,,Aluguel,Apartamento,37.0,ASA NORTE,BRASILIA,1700.0,45.0,1.0,0.0,-15.7411,-47.8986,2025-09-07,0
1205792,6015584,1215352,,Aluguel,Apartamento,26.0,ASA NORTE,BRASILIA,1750.0,67.0,0.0,1.0,-15.7543,-47.9006,2025-09-07,6
1205835,6015628,740552,,Aluguel,Apartamento,30.0,ASA NORTE,BRASILIA,1400.0,46.0,0.0,0.0,-15.7327,-47.8973,2025-09-07,0
1205836,6015629,2006CULL31108,,Aluguel,Apartamento,39.0,ASA NORTE,BRASILIA,2700.0,69.0,0.0,0.0,-15.7898,-47.8899,2025-09-07,1
1205866,6015668,AP00406,,Aluguel,Apartamento,69.0,ASA NORTE,BRASILIA,4900.0,71.0,0.0,1.0,-15.7405,-47.8887,2025-09-07,1
1205922,6015734,AP1146,,Aluguel,Apartamento,28.0,ASA NORTE,BRASILIA,1000.0,35.0,0.0,0.0,-15.7563,-47.8941,2025-09-07,4
1205926,6015738,595,,Aluguel,Apartamento,140.0,ASA NORTE,BRASILIA,5100.0,36.0,4.0,0.0,-15.7497,-47.8825,2025-09-07,4
1206010,6015823,PIN01010,,Aluguel,Apartamento,40.0,ASA NORTE,BRASILIA,2100.0,52.0,0.0,0.0,-15.7364,-47.8898,2025-09-07,7
1206022,6015835,APTO204,,Aluguel,Apartamento,36.0,ASA NORTE,BRASILIA,2900.0,80.0,0.0,0.0,-15.7766,-47.8783,2025-09-07,8
1206148,6015969,1214794,,Aluguel,Apartamento,95.0,ASA NORTE,BRASILIA,3800.0,40.0,0.0,0.0,-15.7587,-47.8791,2025-09-07,4
1206182,6016022,AP0214,,Aluguel,Apartamento,27.0,ASA NORTE,BRASILIA,1400.0,51.0,0.0,1.0,-15.736,-47.9053,2025-09-07,7
1210191,6020326,FL12083,,Aluguel,Apartamento,72.0,ASA NORTE,BRASILIA,6000.0,83.0,0.0,1.0,-15.7413,-47.8839,2025-09-07,5
1210213,6020348,1219907,,Aluguel,Apartamento,80.0,ASA NORTE,BRASILIA,4530.0,56.0,0.0,1.0,-15.7813,-47.8899,2025-09-07,2
1211025,6021218,331774,,Aluguel,Apartamento,65.0,ASA NORTE,BRASILIA,3600.0,55.0,0.0,1.0,-15.7823,-47.874,2025-09-07,7
1211052,6021245,EL2648,,Aluguel,Apartamento,68.0,ASA NORTE,BRASILIA,4500.0,66.0,0.0,0.0,-15.7497,-47.8839,2025-09-07,6
1211115,6021336,166,,Aluguel,Apartamento,30.0,ASA NORTE,BRASILIA,1950.0,65.0,0.0,1.0,-15.757,-47.8997,2025-09-07,6
1211123,6021344,TH1340,,Aluguel,Apartamento,101.0,ASA NORTE,BRASILIA,3500.0,34.0,4.0,0.0,-15.7509,-47.8819,2025-09-07,4
1211477,6021730,106,,Aluguel,Apartamento,115.0,ASA NORTE,BRASILIA,5490.0,47.0,0.0,0.0,-15.7726,-47.8836,2025-09-07,0
1211486,6021740,917,,Aluguel,Apartamento,103.0,ASA NORTE,BRASILIA,6600.0,64.0,0.0,1.0,-15.7483,-47.8932,2025-09-07,6
1211501,6021755,200631302SM,,Aluguel,Apartamento,33.0,ASA NORTE,BRASILIA,2500.0,75.0,0.0,1.0,53.912,38.557,2025-09-07,1
1211789,6022062,1219961,,Aluguel,Apartamento,94.0,ASA NORTE,BRASILIA,5000.0,53.0,0.0,1.0,-15.7729,-47.8797,2025-09-07,7
1211903,6022185,FL27081,,Aluguel,Apartamento,96.0,ASA NORTE,BRASILIA,5500.0,57.0,0.0,1.0,-15.7768,-47.8886,2025-09-07,2
1214660,6025142,10889,,Aluguel,Apartamento,162.0,ASA NORTE,BRASILIA,10000.0,61.0,0.0,1.0,-15.7495,-47.8858,2025-09-14,6
1214677,6025159,947926,,Aluguel,Apartamento,45.0,ASA NORTE,BRASILIA,2800.0,62.0,0.0,1.0,-15.7639,-47.8933,2025-09-14,6
1214787,6025284,331391,,Aluguel,Apartamento,45.0,ASA NORTE,BRASILIA,2500.0,55.0,0.0,0.0,-15.7463,-47.8939,2025-09-14,7
1214799,6025296,284390,,Aluguel,Apartamento,52.0,ASA NORTE,BRASILIA,3000.0,57.0,0.0,0.0,-15.7832,-47.8763,2025-09-14,2
1214800,6025297,Franssqn402b,,Aluguel,Apartamento,50.0,ASA NORTE,BRASILIA,3200.0,64.0,0.0,1.0,-15.7832,-47.876,2025-09-14,6
1214816,6025317,CO8466,,Aluguel,Apartamento,127.0,ASA NORTE,BRASILIA,9900.0,77.0,0.0,2.0,-15.7466,-47.8923,2025-09-14,8
1214912,6025434,732439,,Aluguel,Apartamento,107.0,ASA NORTE,BRASILIA,5000.0,46.0,0.0,1.0,-15.7375,-47.8901,2025-09-14,0
1215017,6025565,1016350,,Aluguel,Apartamento,72.0,ASA NORTE,BRASILIA,6300.0,87.0,0.0,2.0,-15.7413,-47.8839,2025-09-14,5
1215141,6025705,679274,,Aluguel,Apartamento,25.0,ASA NORTE,BRASILIA,1400.0,56.0,1.0,1.0,-15.7543,-47.9006,2025-09-14,2
1215278,6025861,AP0443,,Aluguel,Apartamento,98.0,ASA NORTE,BRASILIA,6800.0,69.0,0.0,1.0,-15.7547,-47.8894,2025-09-14,1
1215310,6025896,930620,,Aluguel,Apartamento,90.0,ASA NORTE,BRASILIA,3900.0,43.0,0.0,0.0,-15.7523,-47.8937,2025-09-14,0
1215349,6025944,62478,,Aluguel,Apartamento,30.0,ASA NORTE,BRASILIA,1300.0,43.0,0.0,0.0,-15.7461,-47.8975,2025-09-14,0
1215385,6025989,AP1161,,Aluguel,Apartamento,28.0,ASA NORTE,BRASILIA,1000.0,35.0,0.0,0.0,-15.7563,-47.8941,2025-09-14,4
1215392,6025996,1184100,,Aluguel,Apartamento,44.0,ASA NORTE,BRASILIA,3500.0,79.0,0.0,1.0,-15.7787,-47.889,2025-09-14,8
1215419,6026029,1132978,,Aluguel,Apartamento,27.0,ASA NORTE,BRASILIA,2700.0,100.0,0.0,1.0,-15.7662,-47.8751,2025-09-14,3
1215502,6026116,AN-LOR1L-DFI,,Aluguel,Apartamento,42.0,ASA NORTE,BRASILIA,1800.0,42.0,1.0,0.0,-15.7695,-47.8904,2025-09-14,0
1215554,6026168,880351004-141,,Aluguel,Apartamento,98.0,ASA NORTE,BRASILIA,6000.0,61.0,3.0,1.0,-15.7529,-47.8847,2025-09-14,6
1215616,6026242,4546,,Aluguel,Apartamento,124.0,ASA NORTE,BRASILIA,4900.0,39.0,0.0,1.0,-15.7638,-47.89,2025-09-14,4
1215624,6026250,PIN00561,,Aluguel,Apartamento,45.0,ASA NORTE,BRASILIA,1500.0,33.0,0.0,0.0,-15.7465,-47.8969,2025-09-14,4
1215629,6026255,RRO11,,Aluguel,Apartamento,27.0,ASA NORTE,BRASILIA,1800.0,65.0,0.0,0.0,-15.7716,-47.8939,2025-09-14,6
1215640,6026272,1219960,,Aluguel,Apartamento,94.0,ASA NORTE,BRASILIA,6000.0,63.0,0.0,1.0,-15.7729,-47.8797,2025-09-14,6
1215715,6026357,1226997,,Aluguel,Apartamento,31.0,ASA NORTE,BRASILIA,1600.0,51.0,0.0,1.0,-15.757,-47.8997,2025-09-14,7
1215725,6026367,fl12082,,Aluguel,Apartamento,73.0,ASA NORTE,BRASILIA,6800.0,93.0,0.0,2.0,-15.7521,-47.8847,2025-09-14,3
1215815,6026472,EL2645,,Aluguel,Apartamento,74.0,ASA NORTE,BRASILIA,6200.0,84.0,2.0,1.0,-15.7607,-47.8905,2025-09-14,5
1215862,6026521,63018,,Aluguel,Apartamento,60.0,ASA NORTE,BRASILIA,3000.0,50.0,0.0,0.0,-15.7832,-47.8763,2025-09-14,7
1215880,6026558,1225561,,Aluguel,Apartamento,26.0,ASA NORTE,BRASILIA,1600.0,61.0,0.0,1.0,0.0,0.0,2025-09-14,6
1215934,6026627,1185406,,Aluguel,Apartamento,128.0,ASA NORTE,BRASILIA,9800.0,76.0,0.0,2.0,-15.7723,-47.8869,2025-09-14,8
1215981,6026678,AP0249,,Aluguel,Apartamento,38.0,ASA NORTE,BRASILIA,3700.0,97.0,0.0,1.0,-15.7813,-47.8899,2025-09-14,3
1215982,6026679,VILLA152048A01,,Aluguel,Apartamento,157.0,ASA NORTE,BRASILIA,9000.0,57.0,0.0,2.0,-15.7456,-47.8946,2025-09-14,2
1216005,6026704,2006,,Aluguel,Apartamento,55.0,ASA NORTE,BRASILIA,3500.0,63.0,0.0,1.0,-15.74,-47.8968,2025-09-14,6
1216045,6026751,740552,,Aluguel,Apartamento,30.0,ASA NORTE,BRASILIA,1400.0,46.0,0.0,0.0,-15.7327,-47.8973,2025-09-14,0
1216130,6026847,1225708,,Aluguel,Apartamento,80.0,ASA NORTE,BRASILIA,4500.0,56.0,0.0,1.0,-15.7428,-47.888,2025-09-14,2
1216174,6026891,1225673,,Aluguel,Apartamento,48.0,ASA NORTE,BRASILIA,2500.0,52.0,0.0,0.0,-15.7512,-47.8967,2025-09-14,7
1216181,6026898,2006CULL31108,,Aluguel,Apartamento,39.0,ASA NORTE,BRASILIA,2700.0,69.0,0.0,0.0,-15.7898,-47.8899,2025-09-14,1
1216267,6026993,801131,,Aluguel,Apartamento,181.0,ASA NORTE,BRASILIA,8900.0,49.0,0.0,1.0,-15.7695,-47.8833,2025-09-14,0
1216311,6027039,RM2030,,Aluguel,Apartamento,35.0,ASA NORTE,BRASILIA,2000.0,57.0,0.0,0.0,-15.7787,-47.889,2025-09-14,2
1216352,6027080,1140007,,Aluguel,Apartamento,158.0,ASA NORTE,BRASILIA,7200.0,45.0,0.0,2.0,-15.7502,-47.8859,2025-09-14,0
1216374,6027111,1219961,,Aluguel,Apartamento,94.0,ASA NORTE,BRASILIA,5000.0,53.0,0.0,1.0,-15.7729,-47.8797,2025-09-14,7
1216378,6027115,TH1340,,Aluguel,Apartamento,101.0,ASA NORTE,BRASILIA,3500.0,34.0,4.0,0.0,-15.7509,-47.8819,2025-09-14,4
1216474,6027250,345748,,Aluguel,Apartamento,41.0,ASA NORTE,BRASILIA,2450.0,59.0,0.0,0.0,-15.7463,-47.8939,2025-09-14,2
1216538,6027324,NH471,,Aluguel,Apartamento,150.0,ASA NORTE,BRASILIA,7000.0,46.0,0.0,1.0,-15.758,-47.8906,2025-09-14,0
1216553,6027342,SP637,,Aluguel,Apartamento,75.0,ASA NORTE,BRASILIA,3600.0,48.0,0.0,0.0,-15.7513,-47.8923,2025-09-14,0
1216563,6027352,1214794,,Aluguel,Apartamento,95.0,ASA NORTE,BRASILIA,3800.0,40.0,0.0,0.0,-15.7587,-47.8791,2025-09-14,4
1216588,6027379,1219736,,Aluguel,Apartamento,75.0,ASA NORTE,BRASILIA,5000.0,66.0,0.0,1.0,-15.755,-47.8917,2025-09-14,6
1232026,6043137,438,,Aluguel,Apartamento,32.0,ASA NORTE,BRASILIA,2200.0,68.0,0.0,1.0,-15.7716,-47.8939,2025-09-14,1
1232105,6043216,1211254,,Aluguel,Apartamento,90.0,ASA NORTE,BRASILIA,6500.0,72.0,0.0,2.0,-15.7898,-47.8899,2025-09-14,1
1239945,6051052,1039877,,Aluguel,Apartamento,163.0,ASA NORTE,BRASILIA,10000.0,61.0,0.0,1.0,-15.7502,-47.8859,2025-09-14,6
1240061,6051170,1131919,,Aluguel,Apartamento,89.0,ASA NORTE,BRASILIA,6800.0,76.0,0.0,1.0,-15.7535,-47.8856,2025-09-14,8
1240124,6051234,170477,,Aluguel,Apartamento,112.0,ASA NORTE,BRASILIA,5500.0,49.0,0.0,1.0,-15.7666,-47.8837,2025-09-14,0
1240411,6051519,AP00224,,Aluguel,Apartamento,122.0,ASA NORTE,BRASILIA,6300.0,51.0,2.0,1.0,-15.7636,-47.8869,2025-09-14,7
1240416,6051524,187975,,Aluguel,Apartamento,102.0,ASA NORTE,BRASILIA,6500.0,63.0,0.0,1.0,-15.7727,-47.8877,2025-09-14,6
1240551,6051660,331774,,Aluguel,Apartamento,65.0,ASA NORTE,BRASILIA,3600.0,55.0,0.0,1.0,-15.7823,-47.874,2025-09-14,7
1240567,6051676,268646,,Aluguel,Apartamento,94.0,ASA NORTE,BRASILIA,3700.0,39.0,0.0,0.0,-15.7616,-47.8789,2025-09-14,4
1240619,6051728,03795,,Aluguel,Apartamento,96.0,ASA NORTE,BRASILIA,3800.0,39.0,0.0,1.0,-15.7562,-47.8851,2025-09-14,4
1240742,6051851,0959L-DFI,,Aluguel,Apartamento,72.0,ASA NORTE,BRASILIA,3900.0,54.0,0.0,0.0,-15.7523,-47.8937,2025-09-14,7
1240766,6051876,AP0239,,Aluguel,Apartamento,30.0,ASA NORTE,BRASILIA,990.0,33.0,0.0,0.0,-15.7453,-47.898,2025-09-14,4
1240837,6051947,CO9765,,Aluguel,Apartamento,61.0,ASA NORTE,BRASILIA,5000.0,82.0,2.0,1.0,-15.7382,-47.8899,2025-09-14,8
1240889,6052000,1209825,,Aluguel,Apartamento,105.0,ASA NORTE,BRASILIA,6000.0,57.0,0.0,2.0,-15.7502,-47.8859,2025-09-14,2
1241215,6052324,FAL1097,,Aluguel,Apartamento,27.0,ASA NORTE,BRASILIA,1900.0,70.0,0.0,1.0,-15.7662,-47.8751,2025-09-14,1
1241588,6052697,668059,,Aluguel,Apartamento,25.0,ASA NORTE,BRASILIA,1800.0,72.0,1.0,1.0,-15.7559,-47.8981,2025-09-14,1
1241598,6052707,911858,,Aluguel,Apartamento,70.0,ASA NORTE,BRASILIA,4400.0,62.0,2.0,1.0,-15.7554,-47.8909,2025-09-14,6
1241609,6052718,AN-LOR6L-DFI,,Aluguel,Apartamento,37.0,ASA NORTE,BRASILIA,1700.0,45.0,1.0,0.0,-15.7411,-47.8986,2025-09-14,0
1241636,6052746,145L-DFI,,Aluguel,Apartamento,40.0,ASA NORTE,BRASILIA,1600.0,40.0,0.0,0.0,-15.7544,-47.8948,2025-09-14,4
1241652,6052762,1198076,,Aluguel,Apartamento,40.0,ASA NORTE,BRASILIA,2100.0,52.0,0.0,0.0,-15.7696,-47.892,2025-09-14,7
1241858,6052968,AC3582,,Aluguel,Apartamento,72.0,ASA NORTE,BRASILIA,4200.0,58.0,0.0,1.0,-15.7509,-47.8888,2025-09-14,2
1241962,6053072,201,,Aluguel,Apartamento,63.0,ASA NORTE,BRASILIA,4000.0,63.0,0.0,0.0,-15.7518,-47.8927,2025-09-14,6
1242032,6053142,1218836,,Aluguel,Apartamento,160.0,ASA NORTE,BRASILIA,8500.0,53.0,4.0,2.0,-15.7574,-47.8878,2025-09-14,7
1242123,6053235,APTO101,,Aluguel,Apartamento,34.0,ASA NORTE,BRASILIA,3100.0,91.0,0.0,0.0,-15.7766,-47.8783,2025-09-14,3
1242283,6053394,703N,,Aluguel,Apartamento,34.0,ASA NORTE,BRASILIA,2650.0,77.0,0.0,0.0,-15.7787,-47.889,2025-09-14,8
1242375,6053487,887723,,Aluguel,Apartamento,52.0,ASA NORTE,BRASILIA,3799.0,73.0,0.0,0.0,-15.7401,-47.8957,2025-09-14,1
1242487,6053599,OV244,,Aluguel,Apartamento,115.0,ASA NORTE,BRASILIA,5500.0,47.0,0.0,1.0,-15.758,-47.8906,2025-09-14,0
1242505,6053617,AP0214,,Aluguel,Apartamento,27.0,ASA NORTE,BRASILIA,1400.0,51.0,0.0,1.0,-15.736,-47.9053,2025-09-14,7
1242551,6053664,P3292,,Aluguel,Apartamento,93.0,ASA NORTE,BRASILIA,7800.0,83.0,0.0,2.0,-15.7812,-47.8892,2025-09-14,5
1242558,6053671,1211441,,Aluguel,Apartamento,55.0,ASA NORTE,BRASILIA,2700.0,49.0,2.0,0.0,-15.7703,-47.8899,2025-09-14,0
1242572,6053685,947870,,Aluguel,Apartamento,105.0,ASA NORTE,BRASILIA,5400.0,51.0,0.0,1.0,-15.7488,-47.8936,2025-09-14,7
1242574,6053687,AP0269,,Aluguel,Apartamento,44.0,ASA NORTE,BRASILIA,2670.0,60.0,0.0,1.0,-15.7477,-47.9014,2025-09-14,2
1242577,6053690,CB3122,,Aluguel,Apartamento,85.0,ASA NORTE,BRASILIA,4530.0,53.0,0.0,1.0,-15.7783,-47.8898,2025-09-14,7
1242586,6053699,784532,,Aluguel,Apartamento,200.0,ASA NORTE,BRASILIA,8000.0,40.0,0.0,2.0,-15.7797,-47.8869,2025-09-14,4
1242664,6053778,APTO204,,Aluguel,Apartamento,36.0,ASA NORTE,BRASILIA,2900.0,80.0,0.0,0.0,-15.7766,-47.8783,2025-09-14,8
1242665,6053779,CO9764,,Aluguel,Apartamento,104.0,ASA NORTE,BRASILIA,4850.0,46.0,3.0,1.0,-15.7483,-47.8932,2025-09-14,0
1242666,6053780,205K,,Aluguel,Apartamento,94.0,ASA NORTE,BRASILIA,6000.0,63.0,0.0,1.0,-15.7729,-47.8797,2025-09-14,6
1242775,6053890,P3299,,Aluguel,Apartamento,74.0,ASA NORTE,BRASILIA,6200.0,84.0,0.0,2.0,-15.7509,-47.8888,2025-09-14,5
1243133,6054249,1226987,,Aluguel,Apartamento,44.0,ASA NORTE,BRASILIA,2350.0,53.0,0.0,1.0,-15.7477,-47.9014,2025-09-14,7
1243154,6054270,AP00068,,Aluguel,Apartamento,135.0,ASA NORTE,BRASILIA,5000.0,37.0,4.0,0.0,-15.762,-47.8781,2025-09-14,4
1246087,6057205,11047,,Aluguel,Apartamento,139.0,ASA NORTE,BRASILIA,7300.0,52.0,0.0,1.0,-15.7456,-47.8946,2025-09-14,7
1246121,6057238,CO0015A,,Aluguel,Apartamento,197.0,ASA NORTE,BRASILIA,9500.0,48.0,0.0,2.0,-15.7529,-47.8847,2025-09-14,0
1246145,6057262,1200563,,Aluguel,Apartamento,101.0,ASA NORTE,BRASILIA,8200.0,81.0,0.0,1.0,-15.7797,-47.8869,2025-09-14,8
1246172,6057289,1-3924441,,Aluguel,Apartamento,105.0,ASA NORTE,BRASILIA,7500.0,71.0,0.0,1.0,-15.7521,-47.8848,2025-09-14,1
1246178,6057295,FIRENZE,,Aluguel,Apartamento,94.0,ASA NORTE,BRASILIA,6200.0,65.0,0.0,1.0,-15.7729,-47.8797,2025-09-14,6
1246192,6057309,IMB570,,Aluguel,Apartamento,30.0,ASA NORTE,BRASILIA,1200.0,40.0,0.0,0.0,-15.7577,-47.8957,2025-09-14,4
1246245,6057363,IG00027,,Aluguel,Apartamento,73.0,ASA NORTE,BRASILIA,6000.0,82.0,2.0,1.0,-15.7413,-47.8839,2025-09-14,8
1246272,6057390,AP00935,,Aluguel,Apartamento,28.0,ASA NORTE,BRASILIA,2400.0,85.0,0.0,1.0,-15.7448,-47.9013,2025-09-14,5
1246322,6057439,30585,,Aluguel,Apartamento,80.0,ASA NORTE,BRASILIA,5500.0,68.0,0.0,1.0,-15.7371,-47.8912,2025-09-14,1
1246325,6057442,1226948,,Aluguel,Apartamento,50.0,ASA NORTE,BRASILIA,3200.0,64.0,0.0,1.0,-15.7832,-47.876,2025-09-14,6
1246382,6057500,490,,Aluguel,Apartamento,139.0,ASA NORTE,BRASILIA,7300.0,52.0,4.0,1.0,-15.7453,-47.8943,2025-09-14,7
1246441,6057560,1227076,,Aluguel,Apartamento,42.0,ASA NORTE,BRASILIA,1700.0,40.0,0.0,0.0,-15.755,-47.8946,2025-09-14,4
1246456,6057575,1215352,,Aluguel,Apartamento,26.0,ASA NORTE,BRASILIA,1750.0,67.0,0.0,1.0,-15.7543,-47.9006,2025-09-14,6
1246465,6057584,AJCL0075,,Aluguel,Apartamento,64.0,ASA NORTE,BRASILIA,3750.0,58.0,0.0,0.0,-15.7428,-47.9005,2025-09-14,2
1246471,6057590,SP714,,Aluguel,Apartamento,30.0,ASA NORTE,BRASILIA,1600.0,53.0,0.0,0.0,-15.7477,-47.9014,2025-09-14,7
1246478,6057597,AP1193,,Aluguel,Apartamento,168.0,ASA NORTE,BRASILIA,7900.0,47.0,0.0,1.0,-15.7417,-47.8928,2025-09-14,0
1246482,6057601,2457,,Aluguel,Apartamento,95.0,ASA NORTE,BRASILIA,5500.0,57.0,0.0,1.0,-15.772,-47.886,2025-09-14,2
1246623,6057745,1033980,,Aluguel,Apartamento,52.0,ASA NORTE,BRASILIA,3000.0,57.0,0.0,0.0,-15.7703,-47.8899,2025-09-14,2
1246724,6057848,2006BZ31711,,Aluguel,Apartamento,44.0,ASA NORTE,BRASILIA,3800.0,86.0,0.0,1.0,53.912,38.557,2025-09-14,5
1246726,6057850,AP00136,,Aluguel,Apartamento,43.0,ASA NORTE,BRASILIA,3900.0,90.0,1.0,1.0,-15.7555,-47.8842,2025-09-14,5
1246748,6057872,AP2620,,Aluguel,Apartamento,42.0,ASA NORTE,BRASILIA,2200.0,52.0,0.0,0.0,-15.7524,-47.8896,2025-09-14,7
1246800,6057924,1132848,,Aluguel,Apartamento,67.0,ASA NORTE,BRASILIA,5200.0,77.0,2.0,1.0,-15.7447,-47.8947,2025-09-14,8
1246857,6057981,116024,,Aluguel,Apartamento,37.0,ASA NORTE,BRASILIA,1400.0,37.0,0.0,0.0,-15.7436,-47.8983,2025-09-14,4
1246889,6058015,1200724,,Aluguel,Apartamento,100.0,ASA NORTE,BRASILIA,7500.0,75.0,0.0,2.0,-15.7413,-47.8839,2025-09-14,1
1246903,6058029,FL0407,,Aluguel,Apartamento,129.0,ASA NORTE,BRASILIA,9200.0,71.0,0.0,2.0,-15.7613,-47.8829,2025-09-14,1
1246973,6058100,FL12083,,Aluguel,Apartamento,72.0,ASA NORTE,BRASILIA,6000.0,83.0,0.0,1.0,-15.7413,-47.8839,2025-09-14,5
1247007,6058134,FL27081,,Aluguel,Apartamento,96.0,ASA NORTE,BRASILIA,5500.0,57.0,0.0,1.0,-15.7768,-47.8886,2025-09-14,2
1247050,6058177,1218772,,Aluguel,Apartamento,42.0,ASA NORTE,BRASILIA,2200.0,52.0,0.0,0.0,-15.7411,-47.8986,2025-09-14,7
1247060,6058187,sqn202,,Aluguel,Apartamento,169.0,ASA NORTE,BRASILIA,9800.0,57.0,0.0,1.0,-15.7829,-47.8779,2025-09-14,2
1247086,6058213,IG00012,,Aluguel,Apartamento,158.0,ASA NORTE,BRASILIA,7200.0,45.0,2.0,2.0,-15.7502,-47.8859,2025-09-14,0
1247102,6058229,1127712,,Aluguel,Apartamento,47.0,ASA NORTE,BRASILIA,3200.0,68.0,1.0,0.0,-15.7554,-47.8832,2025-09-14,1
1247135,6058262,rob716,,Aluguel,Apartamento,32.0,ASA NORTE,BRASILIA,2000.0,62.0,0.0,0.0,-15.7385,-47.9007,2025-09-14,6
1247245,6058373,AP1174,,Aluguel,Apartamento,27.0,ASA NORTE,BRASILIA,1590.0,58.0,0.0,0.0,-15.7716,-47.8939,2025-09-14,2
1247254,6058382,2065AP00012,,Aluguel,Apartamento,102.0,ASA NORTE,BRASILIA,7490.0,73.0,0.0,1.0,-15.7602,-47.8892,2025-09-14,1
1249566,6060691,706104,,Aluguel,Apartamento,47.0,ASA NORTE,BRASILIA,3100.0,65.0,0.0,0.0,-15.7694,-47.8911,2025-09-14,6
1249652,6060777,AP2580,,Aluguel,Apartamento,80.0,ASA NORTE,BRASILIA,4850.0,60.0,0.0,1.0,-15.7428,-47.888,2025-09-14,2
1249704,6060829,1227060,,Aluguel,Apartamento,95.0,ASA NORTE,BRASILIA,6800.0,71.0,0.0,2.0,-15.7413,-47.8839,2025-09-14,1
1250006,6061132,1178989,,Aluguel,Apartamento,94.0,ASA NORTE,BRASILIA,4500.0,47.0,0.0,48.0,-15.7518,-47.8927,2025-09-14,0
1250125,6061251,4544,,Aluguel,Apartamento,95.0,ASA NORTE,BRASILIA,7000.0,73.0,0.0,2.0,-15.7886,-47.8893,2025-09-14,1
1253027,6064153,1039877,,Aluguel,Apartamento,163.0,ASA NORTE,BRASILIA,10000.0,61.0,0.0,1.0,-15.7502,-47.8859,2025-09-21,6
1253076,6064202,8943,,Aluguel,Apartamento,33.0,ASA NORTE,BRASILIA,2200.0,66.0,0.0,0.0,-15.7372,-47.8942,2025-09-21,6
1253099,6064225,CO8466,,Aluguel,Apartamento,127.0,ASA NORTE,BRASILIA,9900.0,77.0,0.0,2.0,-15.7466,-47.8923,2025-09-21,8
1253148,6064274,P3292,,Aluguel,Apartamento,93.0,ASA NORTE,BRASILIA,7500.0,80.0,0.0,2.0,-15.7812,-47.8892,2025-09-21,8
1253176,6064302,CO0015A,,Aluguel,Apartamento,197.0,ASA NORTE,BRASILIA,9500.0,48.0,0.0,2.0,-15.7529,-47.8847,2025-09-21,0
1253185,6064311,1-3924441,,Aluguel,Apartamento,105.0,ASA NORTE,BRASILIA,6850.0,65.0,0.0,1.0,-15.7521,-47.8848,2025-09-21,6
1253241,6064367,AP00136,,Aluguel,Apartamento,43.0,ASA NORTE,BRASILIA,3900.0,90.0,1.0,1.0,-15.7555,-47.8842,2025-09-21,5
1253282,6064408,187975,,Aluguel,Apartamento,102.0,ASA NORTE,BRASILIA,6500.0,63.0,0.0,1.0,-15.7727,-47.8877,2025-09-21,6
1253524,6064650,880321097-49,,Aluguel,Apartamento,88.0,ASA NORTE,BRASILIA,4500.0,51.0,0.0,0.0,-15.7585,-47.8936,2025-09-21,7
1253542,6064668,IMB570,,Aluguel,Apartamento,30.0,ASA NORTE,BRASILIA,1200.0,40.0,0.0,0.0,-15.7577,-47.8957,2025-09-21,4
1253578,6064704,1016350,,Aluguel,Apartamento,72.0,ASA NORTE,BRASILIA,6300.0,87.0,0.0,2.0,-15.7413,-47.8839,2025-09-21,5
1253614,6064741,IG00027,,Aluguel,Apartamento,73.0,ASA NORTE,BRASILIA,6000.0,82.0,2.0,1.0,-15.7413,-47.8839,2025-09-21,8
1253628,6064756,1226987,,Aluguel,Apartamento,44.0,ASA NORTE,BRASILIA,2350.0,53.0,0.0,1.0,-15.7477,-47.9014,2025-09-21,7
1253641,6064769,268646,,Aluguel,Apartamento,94.0,ASA NORTE,BRASILIA,3700.0,39.0,0.0,0.0,-15.7616,-47.8789,2025-09-21,4
1253655,6064782,331774,,Aluguel,Apartamento,65.0,ASA NORTE,BRASILIA,3600.0,55.0,0.0,1.0,-15.7823,-47.874,2025-09-21,7
1253671,6064798,1214794,,Aluguel,Apartamento,95.0,ASA NORTE,BRASILIA,3800.0,40.0,0.0,0.0,-15.7587,-47.8791,2025-09-21,4
1253720,6064848,03795,,Aluguel,Apartamento,96.0,ASA NORTE,BRASILIA,3800.0,39.0,0.0,1.0,-15.7562,-47.8851,2025-09-21,4
1253859,6064987,TH33563,,Aluguel,Apartamento,138.0,ASA NORTE,BRASILIA,8000.0,57.0,3.0,1.0,-15.7753,-47.8866,2025-09-21,2
1253921,6065050,TH33561,,Aluguel,Apartamento,34.0,ASA NORTE,BRASILIA,1900.0,55.0,1.0,1.0,-15.7477,-47.9014,2025-09-21,7
1254030,6065160,CO9764,,Aluguel,Apartamento,104.0,ASA NORTE,BRASILIA,4850.0,46.0,3.0,1.0,-15.7483,-47.8932,2025-09-21,0
1254032,6065162,9469,,Aluguel,Apartamento,38.0,ASA NORTE,BRASILIA,2500.0,65.0,0.0,0.0,-15.7477,-47.9014,2025-09-21,6
1254082,6065213,11241,,Aluguel,Apartamento,111.0,ASA NORTE,BRASILIA,7100.0,63.0,0.0,1.0,-15.7549,-47.8916,2025-09-21,6
1254089,6065220,CO8359,,Aluguel,Apartamento,150.0,ASA NORTE,BRASILIA,7000.0,46.0,0.0,0.0,-15.7815,-47.8767,2025-09-21,0
1269931,6081077,438,,Aluguel,Apartamento,32.0,ASA NORTE,BRASILIA,2200.0,68.0,0.0,1.0,-15.7716,-47.8939,2025-09-21,1
1269955,6081101,10889,,Aluguel,Apartamento,162.0,ASA NORTE,BRASILIA,10000.0,61.0,0.0,1.0,-15.7495,-47.8858,2025-09-21,6
1269956,6081102,11047,,Aluguel,Apartamento,139.0,ASA NORTE,BRASILIA,7300.0,52.0,0.0,1.0,-15.7456,-47.8946,2025-09-21,7
1269983,6081129,947926,,Aluguel,Apartamento,45.0,ASA NORTE,BRASILIA,2600.0,57.0,0.0,1.0,-15.7639,-47.8933,2025-09-21,2
1270078,6081224,AP0543,,Aluguel,Apartamento,68.0,ASA NORTE,BRASILIA,3500.0,51.0,0.0,0.0,-15.7392,-47.9025,2025-09-21,7
1270101,6081247,345748,,Aluguel,Apartamento,41.0,ASA NORTE,BRASILIA,2450.0,59.0,0.0,0.0,-15.7463,-47.8939,2025-09-21,2
1270106,6081252,1131919,,Aluguel,Apartamento,89.0,ASA NORTE,BRASILIA,6800.0,76.0,0.0,1.0,-15.7535,-47.8856,2025-09-21,8
1270126,6081273,71205,,Aluguel,Apartamento,31.0,ASA NORTE,BRASILIA,2000.0,63.0,0.0,0.0,-15.7516,-47.8965,2025-09-21,6
1270136,6081283,170477,,Aluguel,Apartamento,112.0,ASA NORTE,BRASILIA,5500.0,49.0,0.0,1.0,-15.7666,-47.8837,2025-09-21,0
1270157,6081305,284390,,Aluguel,Apartamento,52.0,ASA NORTE,BRASILIA,3000.0,57.0,0.0,0.0,-15.7832,-47.8763,2025-09-21,2
1270158,6081306,1226546,,Aluguel,Apartamento,50.0,ASA NORTE,BRASILIA,2900.0,58.0,0.0,1.0,-15.737,-47.891,2025-09-21,2
1270164,6081312,1228221,,Aluguel,Apartamento,57.0,ASA NORTE,BRASILIA,4200.0,73.0,0.0,1.0,-15.7807,-47.876,2025-09-21,1
1270186,6081334,1230879,,Aluguel,Apartamento,32.0,ASA NORTE,BRASILIA,2100.0,66.0,0.0,1.0,-15.7662,-47.8751,2025-09-21,6
1270305,6081453,0959L-DFI,,Aluguel,Apartamento,72.0,ASA NORTE,BRASILIA,3900.0,54.0,0.0,0.0,-15.7523,-47.8937,2025-09-21,7
1270312,6081460,AP00935,,Aluguel,Apartamento,28.0,ASA NORTE,BRASILIA,2400.0,85.0,0.0,1.0,-15.7448,-47.9013,2025-09-21,5
1270394,6081543,595,,Aluguel,Apartamento,140.0,ASA NORTE,BRASILIA,5100.0,36.0,4.0,0.0,-15.7497,-47.8825,2025-09-21,4
1270417,6081566,P3299,,Aluguel,Apartamento,74.0,ASA NORTE,BRASILIA,6200.0,84.0,0.0,2.0,-15.7509,-47.8888,2025-09-21,5
1270834,6081987,2006,,Aluguel,Apartamento,55.0,ASA NORTE,BRASILIA,3500.0,63.0,0.0,1.0,-15.74,-47.8968,2025-09-21,6
1270857,6082010,VILLA152048A01,,Aluguel,Apartamento,157.0,ASA NORTE,BRASILIA,9000.0,57.0,0.0,2.0,-15.7456,-47.8946,2025-09-21,2
1270902,6082055,2457,,Aluguel,Apartamento,95.0,ASA NORTE,BRASILIA,5500.0,57.0,0.0,1.0,-15.772,-47.886,2025-09-21,2
1270912,6082065,AP1174,,Aluguel,Apartamento,27.0,ASA NORTE,BRASILIA,1590.0,58.0,0.0,0.0,-15.7716,-47.8939,2025-09-21,2
1270973,6082126,AP1193,,Aluguel,Apartamento,168.0,ASA NORTE,BRASILIA,7900.0,47.0,0.0,1.0,-15.7417,-47.8928,2025-09-21,0
1270992,6082144,4557,,Aluguel,Apartamento,45.0,ASA NORTE,BRASILIA,3300.0,73.0,0.0,0.0,-15.7365,-47.8902,2025-09-21,1
1271003,6082155,4544,,Aluguel,Apartamento,95.0,ASA NORTE,BRASILIA,7000.0,73.0,0.0,2.0,-15.7886,-47.8893,2025-09-21,1
1271022,6082174,4546,,Aluguel,Apartamento,124.0,ASA NORTE,BRASILIA,4900.0,39.0,0.0,1.0,-15.7638,-47.89,2025-09-21,4
1271138,6082290,EL1332,,Aluguel,Apartamento,95.0,ASA NORTE,BRASILIA,5200.0,54.0,3.0,1.0,-15.7545,-47.891,2025-09-21,7
1271202,6082354,AP0123,,Aluguel,Apartamento,80.0,ASA NORTE,BRASILIA,4800.0,60.0,0.0,0.0,-15.759,-47.8798,2025-09-21,2
1271222,6082374,923121,,Aluguel,Apartamento,155.0,ASA NORTE,BRASILIA,7500.0,48.0,4.0,2.0,-15.7542,-47.8925,2025-09-21,0
1271265,6082417,1135047,,Aluguel,Apartamento,124.0,ASA NORTE,BRASILIA,6500.0,52.0,2.0,0.0,-15.7636,-47.8889,2025-09-21,7
1271337,6082490,AP0443,,Aluguel,Apartamento,98.0,ASA NORTE,BRASILIA,6800.0,69.0,0.0,1.0,-15.7547,-47.8894,2025-09-21,1
1271343,6082497,490,,Aluguel,Apartamento,139.0,ASA NORTE,BRASILIA,7300.0,52.0,4.0,1.0,-15.7453,-47.8943,2025-09-21,7
1271346,6082500,SP637,,Aluguel,Apartamento,75.0,ASA NORTE,BRASILIA,3600.0,48.0,0.0,0.0,-15.7513,-47.8923,2025-09-21,0
1271369,6082523,859691,,Aluguel,Apartamento,78.0,ASA NORTE,BRASILIA,3790.0,48.0,0.0,0.0,-15.7692,-47.8779,2025-09-21,0
1271381,6082535,2065AP00012,,Aluguel,Apartamento,102.0,ASA NORTE,BRASILIA,7490.0,73.0,0.0,1.0,-15.7602,-47.8892,2025-09-21,1
1271407,6082562,801131,,Aluguel,Apartamento,181.0,ASA NORTE,BRASILIA,8700.0,48.0,0.0,1.0,-15.7695,-47.8833,2025-09-21,0
1271446,6082601,1132848,,Aluguel,Apartamento,67.0,ASA NORTE,BRASILIA,5200.0,77.0,2.0,1.0,-15.7447,-47.8947,2025-09-21,8
1271472,6082627,OV244,,Aluguel,Apartamento,115.0,ASA NORTE,BRASILIA,5500.0,47.0,0.0,1.0,-15.758,-47.8906,2025-09-21,0
1271501,6082656,1127712,,Aluguel,Apartamento,47.0,ASA NORTE,BRASILIA,3200.0,68.0,1.0,0.0,-15.7554,-47.8832,2025-09-21,1
1271512,6082667,911858,,Aluguel,Apartamento,70.0,ASA NORTE,BRASILIA,4400.0,62.0,2.0,1.0,-15.7554,-47.8909,2025-09-21,6
1271555,6082709,2006CULL31108,,Aluguel,Apartamento,39.0,ASA NORTE,BRASILIA,2700.0,69.0,0.0,0.0,-15.7898,-47.8899,2025-09-21,1
1271594,6082748,AN-LOR1L-DFI,,Aluguel,Apartamento,42.0,ASA NORTE,BRASILIA,1800.0,42.0,1.0,0.0,-15.7695,-47.8904,2025-09-21,0
1271595,6082749,AP0330,,Aluguel,Apartamento,45.0,ASA NORTE,BRASILIA,3500.0,77.0,0.0,1.0,-15.7365,-47.8902,2025-09-21,8
1271654,6082808,AN-LOR2L-DFI,,Aluguel,Apartamento,33.0,ASA NORTE,BRASILIA,1400.0,42.0,1.0,0.0,-15.7695,-47.8904,2025-09-21,0
1271673,6082827,1209825,,Aluguel,Apartamento,105.0,ASA NORTE,BRASILIA,6000.0,57.0,0.0,2.0,-15.7502,-47.8859,2025-09-21,2
1271675,6082829,668059,,Aluguel,Apartamento,25.0,ASA NORTE,BRASILIA,1800.0,72.0,1.0,1.0,-15.7559,-47.8981,2025-09-21,1
1271691,6082845,1226948,,Aluguel,Apartamento,50.0,ASA NORTE,BRASILIA,3200.0,64.0,0.0,1.0,-15.7832,-47.876,2025-09-21,6
1271715,6082870,1198076,,Aluguel,Apartamento,40.0,ASA NORTE,BRASILIA,2100.0,52.0,0.0,0.0,-15.7696,-47.892,2025-09-21,7
1271733,6082889,1218772,,Aluguel,Apartamento,42.0,ASA NORTE,BRASILIA,2200.0,52.0,0.0,0.0,-15.7411,-47.8986,2025-09-21,7
1271749,6082905,307,,Aluguel,Apartamento,55.0,ASA NORTE,BRASILIA,1900.0,34.0,0.0,0.0,-15.754,-47.8822,2025-09-21,4
1271777,6082932,rob716,,Aluguel,Apartamento,32.0,ASA NORTE,BRASILIA,2000.0,62.0,0.0,0.0,-15.7385,-47.9007,2025-09-21,6
1271815,6082970,784532,,Aluguel,Apartamento,200.0,ASA NORTE,BRASILIA,8000.0,40.0,0.0,2.0,-15.7797,-47.8869,2025-09-21,4
1271856,6083010,1184100,,Aluguel,Apartamento,44.0,ASA NORTE,BRASILIA,3000.0,68.0,0.0,1.0,-15.7787,-47.889,2025-09-21,1
1271861,6083015,sqn202,,Aluguel,Apartamento,169.0,ASA NORTE,BRASILIA,9800.0,57.0,0.0,1.0,-15.7829,-47.8779,2025-09-21,2
1271884,6083038,IG00012,,Aluguel,Apartamento,158.0,ASA NORTE,BRASILIA,7200.0,45.0,2.0,2.0,-15.7502,-47.8859,2025-09-21,0
1271902,6083056,FL12083,,Aluguel,Apartamento,72.0,ASA NORTE,BRASILIA,6000.0,83.0,0.0,1.0,-15.7413,-47.8839,2025-09-21,5
1271912,6083066,FL0407,,Aluguel,Apartamento,129.0,ASA NORTE,BRASILIA,9200.0,71.0,0.0,2.0,-15.7613,-47.8829,2025-09-21,1
1271948,6083103,1140007,,Aluguel,Apartamento,158.0,ASA NORTE,BRASILIA,7200.0,45.0,0.0,2.0,-15.7502,-47.8859,2025-09-21,0
1272006,6083162,FL27081,,Aluguel,Apartamento,96.0,ASA NORTE,BRASILIA,5500.0,57.0,0.0,1.0,-15.7768,-47.8886,2025-09-21,2
1272028,6083183,APTO204,,Aluguel,Apartamento,36.0,ASA NORTE,BRASILIA,2900.0,80.0,0.0,0.0,-15.7766,-47.8783,2025-09-21,8
1272046,6083201,1215352,,Aluguel,Apartamento,26.0,ASA NORTE,BRASILIA,1750.0,67.0,0.0,1.0,-15.7543,-47.9006,2025-09-21,6
1272047,6083202,1229454,,Aluguel,Apartamento,62.0,ASA NORTE,BRASILIA,5000.0,80.0,0.0,1.0,-15.7823,-47.874,2025-09-21,8
1272073,6083228,fl12082,,Aluguel,Apartamento,73.0,ASA NORTE,BRASILIA,6800.0,93.0,0.0,2.0,-15.7509,-47.8888,2025-09-21,3
1272122,6083277,205K,,Aluguel,Apartamento,94.0,ASA NORTE,BRASILIA,6000.0,63.0,0.0,1.0,-15.7729,-47.8797,2025-09-21,6
1272143,6083298,63018,,Aluguel,Apartamento,60.0,ASA NORTE,BRASILIA,3000.0,50.0,0.0,0.0,-15.7832,-47.8763,2025-09-21,7
1272176,6083330,CB3122,,Aluguel,Apartamento,85.0,ASA NORTE,BRASILIA,4530.0,53.0,0.0,1.0,-15.7783,-47.8898,2025-09-21,7
1272206,6083365,Franssqn402b,,Aluguel,Apartamento,50.0,ASA NORTE,BRASILIA,3200.0,64.0,0.0,1.0,-15.7832,-47.876,2025-09-21,6
1272261,6083421,1230989,,Aluguel,Apartamento,60.0,ASA NORTE,BRASILIA,2500.0,41.0,0.0,0.0,-15.7796,-47.8908,2025-09-21,4
1272263,6083423,1218908,,Aluguel,Apartamento,72.0,ASA NORTE,BRASILIA,6000.0,83.0,0.0,2.0,-15.7413,-47.8839,2025-09-21,5
1272488,6083652,106,,Aluguel,Apartamento,115.0,ASA NORTE,BRASILIA,5490.0,47.0,0.0,0.0,-15.7726,-47.8836,2025-09-21,0
1272504,6083668,783765,,Aluguel,Apartamento,140.0,ASA NORTE,BRASILIA,6900.0,49.0,4.0,1.0,-15.7587,-47.8836,2025-09-21,0
1272512,6083676,1218836,,Aluguel,Apartamento,160.0,ASA NORTE,BRASILIA,8500.0,53.0,4.0,2.0,-15.7574,-47.8878,2025-09-21,7
1272518,6083682,N203BDAP406,,Aluguel,Apartamento,94.0,ASA NORTE,BRASILIA,6800.0,72.0,0.0,1.0,-15.7781,-47.8787,2025-09-21,1
1272523,6083687,887723,,Aluguel,Apartamento,52.0,ASA NORTE,BRASILIA,3799.0,73.0,0.0,0.0,-15.7401,-47.8957,2025-09-21,1
1272534,6083698,1178989,,Aluguel,Apartamento,94.0,ASA NORTE,BRASILIA,4500.0,47.0,0.0,48.0,-15.7518,-47.8927,2025-09-21,0
1272602,6083765,AJCL0075,,Aluguel,Apartamento,64.0,ASA NORTE,BRASILIA,3750.0,58.0,0.0,0.0,-15.7428,-47.9005,2025-09-21,2
1272613,6083776,881941,,Aluguel,Apartamento,69.0,ASA NORTE,BRASILIA,2200.0,32.0,1.0,0.0,-15.7638,-47.8799,2025-09-21,4
1272658,6083823,1185406,,Aluguel,Apartamento,128.0,ASA NORTE,BRASILIA,9800.0,76.0,0.0,2.0,-15.7723,-47.8869,2025-09-21,8
1272682,6083847,AP2620,,Aluguel,Apartamento,42.0,ASA NORTE,BRASILIA,2200.0,52.0,0.0,0.0,-15.7524,-47.8896,2025-09-21,7
1279311,6090503,1211254,,Aluguel,Apartamento,90.0,ASA NORTE,BRASILIA,6500.0,72.0,0.0,2.0,-15.7898,-47.8899,2025-09-21,1
1279346,6090538,P3333,,Aluguel,Apartamento,160.0,ASA NORTE,BRASILIA,9000.0,56.0,0.0,1.0,-15.7829,-47.8779,2025-09-21,2
1279483,6090675,0000713L-DFI,,Aluguel,Apartamento,70.0,ASA NORTE,BRASILIA,4100.0,58.0,0.0,0.0,-15.7729,-47.8843,2025-09-21,2
1279484,6090676,008622L-DFI,,Aluguel,Apartamento,55.0,ASA NORTE,BRASILIA,3000.0,54.0,0.0,0.0,-15.7544,-47.8822,2025-09-21,7
1279512,6090704,PIN00561,,Aluguel,Apartamento,45.0,ASA NORTE,BRASILIA,1500.0,33.0,0.0,0.0,-15.7465,-47.8969,2025-09-21,4
1279515,6090707,145L-DFI,,Aluguel,Apartamento,40.0,ASA NORTE,BRASILIA,1600.0,40.0,0.0,0.0,-15.7544,-47.8948,2025-09-21,4
1279656,6090849,637,,Aluguel,Apartamento,103.0,ASA NORTE,BRASILIA,5500.0,53.0,0.0,1.0,-15.748,-47.8942,2025-09-21,7
1279659,6090852,CB312,,Aluguel,Apartamento,85.0,ASA NORTE,BRASILIA,4530.0,53.0,0.0,1.0,-15.7783,-47.8898,2025-09-21,7
1279662,6090855,116024,,Aluguel,Apartamento,37.0,ASA NORTE,BRASILIA,1400.0,37.0,0.0,0.0,-15.7436,-47.8983,2025-09-21,4
1279676,6090869,RRO755,,Aluguel,Apartamento,40.0,ASA NORTE,BRASILIA,1500.0,37.0,0.0,0.0,-15.7696,-47.892,2025-09-21,4
1279707,6090901,679274,,Aluguel,Apartamento,25.0,ASA NORTE,BRASILIA,1400.0,56.0,1.0,1.0,-15.7543,-47.9006,2025-09-21,2
1279710,6090904,APTO101,,Aluguel,Apartamento,34.0,ASA NORTE,BRASILIA,3000.0,88.0,0.0,0.0,-15.7766,-47.8783,2025-09-21,5
1279713,6090907,1225673,,Aluguel,Apartamento,48.0,ASA NORTE,BRASILIA,2500.0,52.0,0.0,0.0,-15.7512,-47.8967,2025-09-21,7
1279715,6090909,62478,,Aluguel,Apartamento,30.0,ASA NORTE,BRASILIA,1300.0,43.0,0.0,0.0,-15.7461,-47.8975,2025-09-21,0
1279730,6090923,1226997,,Aluguel,Apartamento,25.0,ASA NORTE,BRASILIA,1600.0,64.0,0.0,1.0,-15.757,-47.8997,2025-09-21,6
1279789,6090982,Pt55,,Aluguel,Apartamento,55.0,ASA NORTE,BRASILIA,3000.0,54.0,0.0,1.0,-15.7657,-47.879,2025-09-21,7
1280537,6091730,00076,,Aluguel,Apartamento,102.0,ASA NORTE,BRASILIA,6200.0,60.0,0.0,0.0,-15.7488,-47.8936,2025-09-21,2
1280560,6091753,AC3582,,Aluguel,Apartamento,72.0,ASA NORTE,BRASILIA,4200.0,58.0,0.0,1.0,-15.7509,-47.8888,2025-09-21,2
1280613,6091806,NH471,,Aluguel,Apartamento,150.0,ASA NORTE,BRASILIA,7000.0,46.0,0.0,1.0,-15.758,-47.8906,2025-09-21,0
1280643,6091837,683793,,Aluguel,Apartamento,121.0,ASA NORTE,BRASILIA,4550.0,37.0,3.0,0.0,-15.7585,-47.894,2025-09-21,4
1280653,6091847,AP0206,,Aluguel,Apartamento,32.0,ASA NORTE,BRASILIA,1690.0,52.0,0.0,0.0,-15.7626,-47.8883,2025-09-21,7
1280710,6091904,FAL1097,,Aluguel,Apartamento,27.0,ASA NORTE,BRASILIA,1900.0,70.0,0.0,1.0,-15.7662,-47.8751,2025-09-21,1
1280737,6091933,RRO537,,Aluguel,Apartamento,96.0,ASA NORTE,BRASILIA,3800.0,39.0,0.0,0.0,-15.7526,-47.8918,2025-09-21,4
1280777,6091973,1228339,,Aluguel,Apartamento,74.0,ASA NORTE,BRASILIA,5199.0,70.0,0.0,1.0,-15.7377,-47.8901,2025-09-21,1
1281536,6092730,TRG0067,,Aluguel,Apartamento,26.0,ASA NORTE,BRASILIA,1300.0,50.0,0.0,1.0,-15.7662,-47.8751,2025-09-21,7
1281545,6092739,1200563,,Aluguel,Apartamento,101.0,ASA NORTE,BRASILIA,8200.0,81.0,0.0,1.0,-15.7797,-47.8869,2025-09-21,8
1281554,6092748,CO9765,,Aluguel,Apartamento,61.0,ASA NORTE,BRASILIA,5000.0,82.0,2.0,1.0,-15.7382,-47.8899,2025-09-21,8
1281615,6092809,1132978,,Aluguel,Apartamento,27.0,ASA NORTE,BRASILIA,2700.0,100.0,0.0,1.0,-15.7662,-47.8751,2025-09-21,3
1281644,6092841,2006BZ31711,,Aluguel,Apartamento,44.0,ASA NORTE,BRASILIA,3800.0,86.0,0.0,1.0,53.912,38.557,2025-09-21,5
1281688,6092885,1033980,,Aluguel,Apartamento,52.0,ASA NORTE,BRASILIA,3000.0,57.0,0.0,0.0,-15.7703,-47.8899,2025-09-21,2
1281698,6092895,KIA,,Aluguel,Apartamento,68.0,ASA NORTE,BRASILIA,4000.0,58.0,0.0,0.0,-15.7813,-47.8899,2025-09-21,2
1281732,6092930,1200724,,Aluguel,Apartamento,100.0,ASA NORTE,BRASILIA,7500.0,75.0,0.0,2.0,-15.7413,-47.8839,2025-09-21,1
1281861,6093065,AP2580,,Aluguel,Apartamento,80.0,ASA NORTE,BRASILIA,4850.0,60.0,0.0,1.0,-15.7428,-47.888,2025-09-21,2
1281904,6093108,732439,,Aluguel,Apartamento,107.0,ASA NORTE,BRASILIA,5000.0,46.0,0.0,1.0,-15.7375,-47.8901,2025-09-21,0
1284146,6095351,10889,,Aluguel,Apartamento,162.0,ASA NORTE,BRASILIA,10000.0,61.0,0.0,1.0,-15.7495,-47.8858,2025-09-28,6
1284162,6095367,11047,,Aluguel,Apartamento,139.0,ASA NORTE,BRASILIA,7300.0,52.0,0.0,1.0,-15.7456,-47.8946,2025-09-28,7
1284204,6095408,8943,,Aluguel,Apartamento,33.0,ASA NORTE,BRASILIA,2200.0,66.0,0.0,0.0,-15.7372,-47.8942,2025-09-28,6
1284231,6095435,923121,,Aluguel,Apartamento,155.0,ASA NORTE,BRASILIA,7500.0,48.0,4.0,2.0,-15.7542,-47.8925,2025-09-28,0
1284248,6095452,CO9765,,Aluguel,Apartamento,61.0,ASA NORTE,BRASILIA,4700.0,77.0,2.0,1.0,-15.7382,-47.8899,2025-09-28,8
1284278,6095483,VILLA152048A01,,Aluguel,Apartamento,157.0,ASA NORTE,BRASILIA,9000.0,57.0,0.0,2.0,-15.7456,-47.8946,2025-09-28,2
1284294,6095499,AP0543,,Aluguel,Apartamento,68.0,ASA NORTE,BRASILIA,3500.0,51.0,0.0,0.0,-15.7392,-47.9025,2025-09-28,7
1284322,6095527,71205,,Aluguel,Apartamento,31.0,ASA NORTE,BRASILIA,2000.0,63.0,0.0,0.0,-15.7516,-47.8965,2025-09-28,6
1284325,6095530,AP0221,,Aluguel,Apartamento,160.0,ASA NORTE,BRASILIA,5800.0,36.0,0.0,1.0,-15.7792,-47.8778,2025-09-28,4
1284355,6095560,345748,,Aluguel,Apartamento,41.0,ASA NORTE,BRASILIA,2400.0,58.0,0.0,0.0,-15.7463,-47.8939,2025-09-28,2
1284364,6095569,AP00136,,Aluguel,Apartamento,43.0,ASA NORTE,BRASILIA,3900.0,90.0,1.0,1.0,-15.7555,-47.8842,2025-09-28,5
1284435,6095640,1200563,,Aluguel,Apartamento,101.0,ASA NORTE,BRASILIA,8200.0,81.0,0.0,1.0,-15.7797,-47.8869,2025-09-28,8
1284437,6095642,1228221,,Aluguel,Apartamento,57.0,ASA NORTE,BRASILIA,4200.0,73.0,0.0,1.0,-15.7807,-47.876,2025-09-28,1
1284445,6095650,00076,,Aluguel,Apartamento,102.0,ASA NORTE,BRASILIA,6450.0,63.0,0.0,0.0,-15.7488,-47.8936,2025-09-28,6
1284620,6095828,880351004-141,,Aluguel,Apartamento,98.0,ASA NORTE,BRASILIA,6000.0,61.0,3.0,1.0,-15.7529,-47.8847,2025-09-28,6
1284644,6095852,331774,,Aluguel,Apartamento,65.0,ASA NORTE,BRASILIA,3300.0,50.0,0.0,1.0,-15.7823,-47.874,2025-09-28,7
1284728,6095936,1226987,,Aluguel,Apartamento,44.0,ASA NORTE,BRASILIA,2350.0,53.0,0.0,1.0,-15.7477,-47.9014,2025-09-28,7
1284733,6095941,1206264,,Aluguel,Apartamento,128.0,ASA NORTE,BRASILIA,9800.0,76.0,0.0,2.0,-15.7613,-47.8829,2025-09-28,8
1284782,6095990,TH33563,,Aluguel,Apartamento,138.0,ASA NORTE,BRASILIA,8000.0,57.0,3.0,1.0,-15.7753,-47.8866,2025-09-28,2
1284876,6096082,CO2673,,Aluguel,Apartamento,63.0,ASA NORTE,BRASILIA,3000.0,47.0,0.0,0.0,-15.7736,-47.8901,2025-09-28,0
1284897,6096103,P3333A,,Aluguel,Apartamento,160.0,ASA NORTE,BRASILIA,9000.0,56.0,0.0,1.0,-15.7829,-47.8779,2025-09-28,2
1284935,6096141,9469,,Aluguel,Apartamento,38.0,ASA NORTE,BRASILIA,2500.0,65.0,0.0,0.0,-15.7477,-47.9014,2025-09-28,6
1284945,6096151,P3292,,Aluguel,Apartamento,93.0,ASA NORTE,BRASILIA,7500.0,80.0,0.0,2.0,-15.7812,-47.8892,2025-09-28,8
1285151,6096359,2457,,Aluguel,Apartamento,95.0,ASA NORTE,BRASILIA,5500.0,57.0,0.0,1.0,-15.772,-47.886,2025-09-28,2
1285223,6096431,AP1190,,Aluguel,Apartamento,35.0,ASA NORTE,BRASILIA,1490.0,42.0,0.0,0.0,-15.7454,-47.8997,2025-09-28,0
1285237,6096445,NH471,,Aluguel,Apartamento,150.0,ASA NORTE,BRASILIA,7000.0,46.0,0.0,1.0,-15.758,-47.8906,2025-09-28,0
1285264,6096472,AP1193,,Aluguel,Apartamento,168.0,ASA NORTE,BRASILIA,7900.0,47.0,0.0,1.0,-15.7417,-47.8928,2025-09-28,0
1285348,6096557,EL1332,,Aluguel,Apartamento,95.0,ASA NORTE,BRASILIA,5200.0,54.0,3.0,1.0,-15.7545,-47.891,2025-09-28,7
1285404,6096613,801131,,Aluguel,Apartamento,181.0,ASA NORTE,BRASILIA,8700.0,48.0,0.0,1.0,-15.7695,-47.8833,2025-09-28,0
1285427,6096636,683793,,Aluguel,Apartamento,121.0,ASA NORTE,BRASILIA,4550.0,37.0,3.0,0.0,-15.7585,-47.894,2025-09-28,4
1285451,6096660,2065AP00012,,Aluguel,Apartamento,102.0,ASA NORTE,BRASILIA,7490.0,73.0,0.0,1.0,-15.7602,-47.8892,2025-09-28,1
1285470,6096679,008617L-DFI,,Aluguel,Apartamento,102.0,ASA NORTE,BRASILIA,6300.0,61.0,0.0,1.0,-15.7596,-47.8828,2025-09-28,6
1285474,6096683,1127712,,Aluguel,Apartamento,47.0,ASA NORTE,BRASILIA,3200.0,68.0,1.0,0.0,-15.7554,-47.8832,2025-09-28,1
1285479,6096688,1136620,,Aluguel,Apartamento,75.0,ASA NORTE,BRASILIA,5080.0,67.0,2.0,1.0,-15.7502,-47.8859,2025-09-28,6
1285512,6096721,PIN00561,,Aluguel,Apartamento,45.0,ASA NORTE,BRASILIA,1400.0,31.0,0.0,0.0,-15.7465,-47.8969,2025-09-28,4
1285610,6096819,1229454,,Aluguel,Apartamento,62.0,ASA NORTE,BRASILIA,5000.0,80.0,0.0,1.0,-15.7823,-47.874,2025-09-28,8
1285659,6096870,1140007,,Aluguel,Apartamento,158.0,ASA NORTE,BRASILIA,7200.0,45.0,0.0,2.0,-15.7502,-47.8859,2025-09-28,0
1285767,6096978,APTO204,,Aluguel,Apartamento,36.0,ASA NORTE,BRASILIA,2900.0,80.0,0.0,0.0,-15.7766,-47.8783,2025-09-28,8
1285772,6096983,1232860,,Aluguel,Apartamento,60.0,ASA NORTE,BRASILIA,3100.0,51.0,0.0,0.0,-15.754,-47.8807,2025-09-28,7
1285778,6096989,1234210,,Aluguel,Apartamento,198.0,ASA NORTE,BRASILIA,7800.0,39.0,0.0,2.0,-15.7755,-47.8854,2025-09-28,4
1285786,6096998,6789,,Aluguel,Apartamento,79.0,ASA NORTE,BRASILIA,2950.0,37.0,0.0,0.0,-15.7791,-47.8757,2025-09-28,4
1285828,6097040,RRO537,,Aluguel,Apartamento,96.0,ASA NORTE,BRASILIA,3800.0,39.0,0.0,0.0,-15.7526,-47.8918,2025-09-28,4
1285847,6097059,116024,,Aluguel,Apartamento,37.0,ASA NORTE,BRASILIA,1400.0,37.0,0.0,0.0,-15.7436,-47.8983,2025-09-28,4
1285857,6097069,1218772,,Aluguel,Apartamento,42.0,ASA NORTE,BRASILIA,2200.0,52.0,0.0,0.0,-15.7411,-47.8986,2025-09-28,7
1285872,6097084,AJCL0075,,Aluguel,Apartamento,64.0,ASA NORTE,BRASILIA,3750.0,58.0,0.0,0.0,-15.7428,-47.9005,2025-09-28,2
1285880,6097092,1225673,,Aluguel,Apartamento,48.0,ASA NORTE,BRASILIA,2500.0,52.0,0.0,0.0,-15.7512,-47.8967,2025-09-28,7
1285892,6097104,AP2580,,Aluguel,Apartamento,80.0,ASA NORTE,BRASILIA,4850.0,60.0,0.0,1.0,-15.7428,-47.888,2025-09-28,2
1285896,6097108,IG00012,,Aluguel,Apartamento,158.0,ASA NORTE,BRASILIA,7200.0,45.0,2.0,2.0,-15.7502,-47.8859,2025-09-28,0
1285904,6097116,Pt55,,Aluguel,Apartamento,55.0,ASA NORTE,BRASILIA,3000.0,54.0,0.0,1.0,-15.7657,-47.879,2025-09-28,7
1285936,6097148,1200724,,Aluguel,Apartamento,100.0,ASA NORTE,BRASILIA,7500.0,75.0,0.0,2.0,-15.7413,-47.8839,2025-09-28,1
1285942,6097154,1178989,,Aluguel,Apartamento,94.0,ASA NORTE,BRASILIA,4500.0,47.0,0.0,48.0,-15.7518,-47.8927,2025-09-28,0
1285962,6097177,1124232,,Aluguel,Apartamento,168.0,ASA NORTE,BRASILIA,9800.0,58.0,0.0,2.0,-15.7606,-47.8859,2025-09-28,2
1286030,6097244,AP2620,,Aluguel,Apartamento,42.0,ASA NORTE,BRASILIA,2200.0,52.0,0.0,0.0,-15.7524,-47.8896,2025-09-28,7
1286053,6097266,1218836,,Aluguel,Apartamento,160.0,ASA NORTE,BRASILIA,8500.0,53.0,4.0,2.0,-15.7574,-47.8878,2025-09-28,7
1286076,6097289,1226948,,Aluguel,Apartamento,50.0,ASA NORTE,BRASILIA,3200.0,64.0,0.0,1.0,-15.7832,-47.876,2025-09-28,6
1286156,6097370,sqn202,,Aluguel,Apartamento,169.0,ASA NORTE,BRASILIA,9800.0,57.0,0.0,1.0,-15.7829,-47.8779,2025-09-28,2
1286169,6097383,APTO101,,Aluguel,Apartamento,34.0,ASA NORTE,BRASILIA,3000.0,88.0,0.0,0.0,-15.7766,-47.8783,2025-09-28,5
1286193,6097407,1185406,,Aluguel,Apartamento,128.0,ASA NORTE,BRASILIA,9800.0,76.0,0.0,2.0,-15.7723,-47.8869,2025-09-28,8
1286216,6097430,887723,,Aluguel,Apartamento,52.0,ASA NORTE,BRASILIA,3799.0,73.0,0.0,0.0,-15.7401,-47.8957,2025-09-28,1
1286230,6097444,63018,,Aluguel,Apartamento,60.0,ASA NORTE,BRASILIA,3000.0,50.0,0.0,0.0,-15.7832,-47.8763,2025-09-28,7
1298026,6109267,1-3924441,,Aluguel,Apartamento,105.0,ASA NORTE,BRASILIA,6850.0,65.0,0.0,1.0,-15.7521,-47.8848,2025-09-28,6
1298292,6109532,AC3582,,Aluguel,Apartamento,72.0,ASA NORTE,BRASILIA,4200.0,58.0,0.0,1.0,-15.7509,-47.8888,2025-09-28,2
1298513,6109752,1132848,,Aluguel,Apartamento,67.0,ASA NORTE,BRASILIA,5200.0,77.0,2.0,1.0,-15.7447,-47.8947,2025-09-28,8
1301242,6112482,1039877,,Aluguel,Apartamento,163.0,ASA NORTE,BRASILIA,10000.0,61.0,0.0,1.0,-15.7502,-47.8859,2025-09-28,6
1301275,6112514,880321097-49,,Aluguel,Apartamento,88.0,ASA NORTE,BRASILIA,4500.0,51.0,0.0,0.0,-15.7585,-47.8936,2025-09-28,7
1301310,6112549,CO8466,,Aluguel,Apartamento,127.0,ASA NORTE,BRASILIA,9900.0,77.0,0.0,2.0,-15.7466,-47.8923,2025-09-28,8
1301311,6112550,CO0015A,,Aluguel,Apartamento,197.0,ASA NORTE,BRASILIA,9500.0,48.0,0.0,2.0,-15.7529,-47.8847,2025-09-28,0
1301425,6112663,170477,,Aluguel,Apartamento,112.0,ASA NORTE,BRASILIA,5500.0,49.0,0.0,1.0,-15.7666,-47.8837,2025-09-28,0
1301523,6112762,1211254,,Aluguel,Apartamento,90.0,ASA NORTE,BRASILIA,6500.0,72.0,0.0,2.0,-15.7898,-47.8899,2025-09-28,1
1301562,6112801,284390,,Aluguel,Apartamento,52.0,ASA NORTE,BRASILIA,3000.0,57.0,0.0,0.0,-15.7832,-47.8763,2025-09-28,2
1301587,6112826,187975,,Aluguel,Apartamento,102.0,ASA NORTE,BRASILIA,6300.0,61.0,0.0,1.0,-15.7727,-47.8877,2025-09-28,6
1301595,6112834,LIFE,,Aluguel,Apartamento,40.0,ASA NORTE,BRASILIA,3200.0,80.0,0.0,1.0,-15.7813,-47.8899,2025-09-28,8
1301597,6112836,Franssqn402b,,Aluguel,Apartamento,50.0,ASA NORTE,BRASILIA,3200.0,64.0,0.0,1.0,-15.7832,-47.876,2025-09-28,6
1301707,6112948,595,,Aluguel,Apartamento,140.0,ASA NORTE,BRASILIA,5100.0,36.0,4.0,0.0,-15.7497,-47.8825,2025-09-28,4
1301796,6113039,0959L-DFI,,Aluguel,Apartamento,72.0,ASA NORTE,BRASILIA,3900.0,54.0,0.0,0.0,-15.7523,-47.8937,2025-09-28,7
1301801,6113044,268646,,Aluguel,Apartamento,94.0,ASA NORTE,BRASILIA,3700.0,39.0,0.0,0.0,-15.7616,-47.8789,2025-09-28,4
1301824,6113067,1092L-DFI,,Aluguel,Apartamento,119.0,ASA NORTE,BRASILIA,5100.0,42.0,3.0,1.0,-15.7495,-47.893,2025-09-28,0
1301826,6113069,IMB570,,Aluguel,Apartamento,30.0,ASA NORTE,BRASILIA,1200.0,40.0,0.0,0.0,-15.7577,-47.8957,2025-09-28,4
1301924,6113170,1214794,,Aluguel,Apartamento,95.0,ASA NORTE,BRASILIA,3800.0,40.0,0.0,0.0,-15.7587,-47.8791,2025-09-28,4
1301953,6113199,03795,,Aluguel,Apartamento,96.0,ASA NORTE,BRASILIA,3800.0,39.0,0.0,1.0,-15.7562,-47.8851,2025-09-28,4
1302118,6113368,CO9764,,Aluguel,Apartamento,104.0,ASA NORTE,BRASILIA,4850.0,46.0,3.0,1.0,-15.7483,-47.8932,2025-09-28,0
1302152,6113402,CO8359,,Aluguel,Apartamento,150.0,ASA NORTE,BRASILIA,7000.0,46.0,0.0,0.0,-15.7815,-47.8767,2025-09-28,0
1302233,6113483,P3299,,Aluguel,Apartamento,74.0,ASA NORTE,BRASILIA,6200.0,84.0,0.0,2.0,-15.7509,-47.8888,2025-09-28,5
1302387,6113642,2006,,Aluguel,Apartamento,55.0,ASA NORTE,BRASILIA,3599.0,65.0,0.0,1.0,-15.74,-47.8968,2025-09-28,6
1302423,6113679,679274,,Aluguel,Apartamento,25.0,ASA NORTE,BRASILIA,1400.0,56.0,1.0,1.0,-15.7543,-47.9006,2025-09-28,2
1302499,6113756,880261157-212,,Aluguel,Apartamento,33.0,ASA NORTE,BRASILIA,1450.0,43.0,1.0,0.0,-15.7743,-47.8865,2025-09-28,0
1302598,6113855,4544,,Aluguel,Apartamento,95.0,ASA NORTE,BRASILIA,7000.0,73.0,0.0,2.0,-15.7886,-47.8893,2025-09-28,1
1302599,6113856,4557,,Aluguel,Apartamento,45.0,ASA NORTE,BRASILIA,3300.0,73.0,0.0,0.0,-15.7365,-47.8902,2025-09-28,1
1302641,6113898,1132978,,Aluguel,Apartamento,27.0,ASA NORTE,BRASILIA,2700.0,100.0,0.0,1.0,-15.7662,-47.8751,2025-09-28,3
1302716,6113975,1135047,,Aluguel,Apartamento,124.0,ASA NORTE,BRASILIA,6500.0,52.0,2.0,0.0,-15.7636,-47.8889,2025-09-28,7
1302717,6113976,859691,,Aluguel,Apartamento,78.0,ASA NORTE,BRASILIA,3790.0,48.0,0.0,0.0,-15.7692,-47.8779,2025-09-28,0
1302813,6114072,008622L-DFI,,Aluguel,Apartamento,55.0,ASA NORTE,BRASILIA,3000.0,54.0,0.0,0.0,-15.7544,-47.8822,2025-09-28,7
1302814,6114073,911858,,Aluguel,Apartamento,70.0,ASA NORTE,BRASILIA,4400.0,62.0,2.0,1.0,-15.7554,-47.8909,2025-09-28,6
1302816,6114075,AP0443,,Aluguel,Apartamento,98.0,ASA NORTE,BRASILIA,6300.0,64.0,0.0,1.0,-15.7547,-47.8894,2025-09-28,6
1302822,6114081,0000713L-DFI,,Aluguel,Apartamento,70.0,ASA NORTE,BRASILIA,4100.0,58.0,0.0,0.0,-15.7729,-47.8843,2025-09-28,2
1302870,6114129,2006CULL31108,,Aluguel,Apartamento,39.0,ASA NORTE,BRASILIA,2700.0,69.0,0.0,0.0,-15.7898,-47.8899,2025-09-28,1
1302873,6114132,145L-DFI,,Aluguel,Apartamento,40.0,ASA NORTE,BRASILIA,1400.0,35.0,0.0,0.0,-15.7544,-47.8948,2025-09-28,4
1302916,6114175,AP0206,,Aluguel,Apartamento,32.0,ASA NORTE,BRASILIA,1550.0,48.0,0.0,0.0,-15.7626,-47.8883,2025-09-28,0
1302927,6114186,2006BZ31711,,Aluguel,Apartamento,44.0,ASA NORTE,BRASILIA,3800.0,86.0,0.0,1.0,53.912,38.557,2025-09-28,5
1303012,6114273,668059,,Aluguel,Apartamento,25.0,ASA NORTE,BRASILIA,1800.0,72.0,1.0,1.0,-15.7559,-47.8981,2025-09-28,1
1303074,6114335,62478,,Aluguel,Apartamento,30.0,ASA NORTE,BRASILIA,1300.0,43.0,0.0,0.0,-15.7461,-47.8975,2025-09-28,0
1303094,6114355,1228339,,Aluguel,Apartamento,74.0,ASA NORTE,BRASILIA,5199.0,70.0,0.0,1.0,-15.7377,-47.8901,2025-09-28,1
1303179,6114440,RRO528,,Aluguel,Apartamento,40.0,ASA NORTE,BRASILIA,1400.0,35.0,0.0,0.0,-15.7743,-47.8865,2025-09-28,4
1303203,6114464,1226997,,Aluguel,Apartamento,25.0,ASA NORTE,BRASILIA,1600.0,64.0,0.0,1.0,-15.757,-47.8997,2025-09-28,6
1303327,6114591,FL0407,,Aluguel,Apartamento,129.0,ASA NORTE,BRASILIA,9200.0,71.0,0.0,2.0,-15.7613,-47.8829,2025-09-28,1
1303337,6114601,166,,Aluguel,Apartamento,30.0,ASA NORTE,BRASILIA,1950.0,65.0,0.0,1.0,-15.757,-47.8997,2025-09-28,6
1303354,6114618,FAL1097,,Aluguel,Apartamento,27.0,ASA NORTE,BRASILIA,1900.0,70.0,0.0,1.0,-15.7662,-47.8751,2025-09-28,1
1303365,6114629,LIVE2189,,Aluguel,Apartamento,40.0,ASA NORTE,BRASILIA,3200.0,79.0,0.0,1.0,-15.754,-47.8958,2025-09-28,8
1303477,6114742,1209825,,Aluguel,Apartamento,105.0,ASA NORTE,BRASILIA,6000.0,57.0,0.0,2.0,-15.7502,-47.8859,2025-09-28,2
1303481,6114746,307,,Aluguel,Apartamento,55.0,ASA NORTE,BRASILIA,1900.0,34.0,0.0,0.0,-15.754,-47.8822,2025-09-28,4
1303490,6114755,201,,Aluguel,Apartamento,63.0,ASA NORTE,BRASILIA,4000.0,63.0,0.0,0.0,-15.7518,-47.8927,2025-09-28,6
1303495,6114760,637,,Aluguel,Apartamento,103.0,ASA NORTE,BRASILIA,5500.0,53.0,0.0,1.0,-15.748,-47.8942,2025-09-28,7
1303497,6114762,1232353,,Aluguel,Apartamento,104.0,ASA NORTE,BRASILIA,6500.0,62.0,0.0,1.0,-15.7768,-47.8886,2025-09-28,6
1303505,6114770,RRO755,,Aluguel,Apartamento,40.0,ASA NORTE,BRASILIA,1500.0,37.0,0.0,0.0,-15.7696,-47.892,2025-09-28,4
1303536,6114801,rob716,,Aluguel,Apartamento,32.0,ASA NORTE,BRASILIA,2000.0,62.0,0.0,0.0,-15.7385,-47.9007,2025-09-28,6
1303562,6114827,1233716,,Aluguel,Apartamento,60.0,ASA NORTE,BRASILIA,3100.0,51.0,0.0,0.0,-15.769,-47.892,2025-09-28,7
1303593,6114859,784532,,Aluguel,Apartamento,200.0,ASA NORTE,BRASILIA,8000.0,40.0,0.0,2.0,-15.7797,-47.8869,2025-09-28,4
1303616,6114882,fl12082,,Aluguel,Apartamento,73.0,ASA NORTE,BRASILIA,6800.0,93.0,0.0,2.0,-15.7509,-47.8888,2025-09-28,3
1303640,6114906,1218908,,Aluguel,Apartamento,72.0,ASA NORTE,BRASILIA,5800.0,80.0,0.0,2.0,-15.7413,-47.8839,2025-09-28,8
1303641,6114907,783765,,Aluguel,Apartamento,140.0,ASA NORTE,BRASILIA,6900.0,49.0,4.0,1.0,-15.7587,-47.8836,2025-09-28,0
1303672,6114938,1234527,,Aluguel,Apartamento,35.0,ASA NORTE,BRASILIA,1700.0,48.0,0.0,0.0,-15.7696,-47.892,2025-09-28,0
1303673,6114939,FL12083,,Aluguel,Apartamento,72.0,ASA NORTE,BRASILIA,6000.0,83.0,0.0,1.0,-15.7413,-47.8839,2025-09-28,5
